1;Aba;8128
2;Aba;8127
3;Abádszalók;5241
4;Abaliget;7678
5;Abasár;3261
6;Abaújalpár;3882
7;Abaújkér;3882
8;Abaújlak;3815
9;Abaújszántó;3881
10;Abaújszolnok;3809
11;Abaújvár;3898
12;Abda;9151
13;Abod;3753
14;Abony;2740
15;Ábrahámhegy;8256
16;Ács;2941
17;Acsa;2683
18;Acsád;9746
19;Acsalag;9168
20;Ácsteszér;2887
21;Adács;3292
22;Ádánd;8653
23;Adásztevel;8561
24;Adony;2457
25;Adorjánháza;8497
26;Adorjás;7841
27;Ág;7381
28;Ágasegyháza;6076
29;Ágfalva;9423
30;Aggtelek;3759
31;Agyagosszergény;9441
32;Ajak;4524
33;Ajka;8447
34;Ajka;8448
35;Ajka;8451
36;Ajka;8400
37;Aka;2862
38;Akasztó;6221
39;Alacska;3779
40;Alap;7011
41;Alattyán;5142
42;Albertirsa;2730
43;Alcsútdoboz;8087
44;Aldebrõ;3353
45;Algyõ;6750
46;Alibánfa;8921
47;Almamellék;7934
48;Almásfüzitõ;2931
49;Almásháza;8935
50;Almáskamarás;5747
51;Almáskeresztúr;7932
52;Álmosd;4285
53;Alsóberecki;3985
54;Alsóbogát;7443
55;Alsódobsza;3717
56;Alsógagy;3837
57;Alsómocsolád;7345
58;Alsónána;7147
59;Alsónémedi;2351
60;Alsónemesapáti;8924
61;Alsónyék;7148
62;Alsóörs;8226
63;Alsópáhok;8394
64;Alsópetény;2617
65;Alsórajk;8767
66;Alsóregmec;3989
67;Alsószenterzsébet;8973
68;Alsószentiván;7012
69;Alsószentmárton;7826
70;Alsószölnök;9983
71;Alsószuha;3726
72;Alsótelekes;3735
73;Alsótold;3069
74;Alsóújlak;9842
75;Alsóvadász;3811
76;Alsózsolca;3571
77;Ambrózfalva;6916
78;Anarcs;4546
79;Andocs;8675
80;Andornaktálya;3399
81;Andrásfa;9811
82;Annavölgy;2529
83;Apácatorna;8477
84;Apagy;4553
85;Apaj;2345
86;Aparhant;7186
87;Apátfalva;6931
88;Apátistvánfalva;9982
89;Apátvarasd;7720
90;Apc;3032
91;Áporka;2338
92;Apostag;6088
93;Aranyosapáti;4634
94;Aranyosgadány;7671
95;Arka;3885
96;Arló;3663
97;Arnót;3713
98;Ároktõ;3467
99;Árpádhalom;6623
100;Árpás;9132
101;Ártánd;4115
102;Ásotthalom;6783
103;Ásványráró;9177
104;Aszaló;3841
105;Aszód;2170
106;Aszófõ;8241
107;Áta;7763
108;Átány;3371
109;Atkár;3213
110;Attala;7252
111;Babarc;7757
112;Babarcszõlõs;7814
113;Babócsa;7584
114;Bábolna;2943
115;Bábonymegyer;8658
116;Babosdöbréte;8983
117;Babót;9351
118;Bácsalmás;6430
119;Bácsbokod;6453
120;Bácsborsód;6454
121;Bácsszentgyörgy;6511
122;Bácsszõlõs;6425
123;Badacsonytomaj;8261
124;Badacsonytomaj;8257
125;Badacsonytomaj;8258
126;Badacsonytördemic;8262
127;Badacsonytördemic;8263
128;Bag;2191
129;Bagamér;4286
130;Baglad;8977
131;Bagod;8992
132;Bágyogszovát;9145
133;Baj;2836
134;Baja;6503
135;Baja;6500
136;Bajánsenye;9944
137;Bajna;2525
138;Bajót;2533
139;Bak;8945
140;Bakháza;7585
141;Bakóca;7393
142;Bakonszeg;4164
143;Bakonya;7675
144;Bakonybánk;2885
145;Bakonybél;8427
146;Bakonycsernye;8056
147;Bakonygyirót;8433
148;Bakonyjákó;8581
149;Bakonykoppány;8571
150;Bakonykúti;8045
151;Bakonynána;8422
152;Bakonyoszlop;8418
153;Bakonypéterd;9088
154;Bakonypölöske;8457
155;Bakonyság;8557
156;Bakonysárkány;2861
157;Bakonyszentiván;8557
158;Bakonyszentkirály;8430
159;Bakonyszentlászló;8431
160;Bakonyszombathely;2884
161;Bakonyszücs;8572
162;Bakonytamási;8555
163;Baks;6768
164;Baksa;7834
165;Baktakék;3836
166;Baktalórántháza;4561
167;Baktüttös;8946
168;Balajt;3780
169;Balassagyarmat;2660
170;Balástya;6764
171;Balaton;3347
172;Balatonakali;8243
173;Balatonalmádi;8220
174;Balatonberény;8649
175;Balatonboglár;8691
176;Balatonboglár;8630
177;Balatoncsicsó;8272
178;Balatonederics;8312
179;Balatonendréd;8613
180;Balatonfenyves;8646
181;Balatonfõkajár;8164
182;Balatonföldvár;8623
183;Balatonfüred;8236
184;Balatonfüred;8230
185;Balatonfûzfõ;8184
186;Balatonfûzfõ;8175
187;Balatongyörök;8313
188;Balatonhenye;8275
189;Balatonkenese;8172
190;Balatonkenese;8174
191;Balatonkeresztúr;8648
192;Balatonlelle;8638
193;Balatonmagyaród;8753
194;Balatonmáriafürdõ;8647
195;Balatonõszöd;8637
196;Balatonrendes;8255
197;Balatonszabadi;8651
198;Balatonszárszó;8624
199;Balatonszemes;8636
200;Balatonszentgyörgy;8710
201;Balatonszepezd;8252
202;Balatonszõlõs;8233
203;Balatonudvari;8242
204;Balatonújlak;8712
205;Balatonvilágos;8171
206;Balinka;8054
207;Balinka;8055
208;Balkány;4233
209;Ballószög;6035
210;Balmazújváros;4060
211;Balogunyom;9771
212;Balotaszállás;6412
213;Balsa;4468
214;Bálványos;8614
215;Bana;2944
216;Bánd;8443
217;Bánfa;7914
218;Bánhorváti;3642
219;Bánk;2653
220;Bánokszentgyörgy;8891
221;Bánréve;3654
222;Bár;7711
223;Barabás;4937
224;Baracs;2427
225;Baracs;2426
226;Baracska;2471
227;Báránd;4161
228;Baranyahidvég;7841
229;Baranyajenõ;7384
230;Baranyaszentgyörgy;7383
231;Barbacs;9169
232;Barcs;7557
233;Barcs;7570
234;Bárdudvarnok;7478
235;Barlahida;8948
236;Bárna;3126
237;Barnag;8291
238;Bársonyos;2883
239;Basal;7923
240;Baskó;3881
241;Báta;7149
242;Bátaapáti;7164
243;Bátaszék;7140
244;Baté;7258
245;Bátmonostor;6528
246;Bátonyterenye;3078
247;Bátonyterenye;3070
248;Bátonyterenye;3151
249;Bátor;3336
250;Bátorliget;4343
251;Battonya;5830
252;Bátya;6351
253;Batyk;8797
254;Bázakerettye;8887
255;Bazsi;8352
256;Béb;8565
257;Becsehely;8866
258;Becske;2693
259;Becskeháza;3768
260;Becsvölgye;8985
261;Bedegkér;8666
262;Bedõ;4128
263;Bejcgyertyános;9683
264;Békás;8515
265;Bekecs;3903
266;Békés;5630
267;Békéscsaba;5623
268;Békéscsaba;5671
269;Békéscsaba;5600
270;Békéssámson;5946
271;Békésszentandrás;5561
272;Bekölce;3343
273;Bélapátfalva;3346
274;Bélavár;7589
275;Belecska;7061
276;Beled;9343
277;Beleg;7543
278;Belezna;8855
279;Bélmegyer;5643
280;Beloiannisz;2455
281;Belsõsárd;8978
282;Belvárdgyula;7747
283;Benk;4643
284;Bénye;2216
285;Bér;3045
286;Bérbaltavár;9831
287;Bercel;2687
288;Beregdaróc;4934
289;Beregsurány;4933
290;Berekböszörmény;4116
291;Berekfürdõ;5309
292;Beremend;7827
293;Berente;3704
294;Beret;3834
295;Berettyóújfalu;4103
296;Berettyóújfalu;4100
297;Berhida;8182
298;Berhida;8181
299;Berkenye;2641
300;Berkesd;7664
301;Berkesz;4521
302;Bernecebaráti;2639
303;Berzék;3575
304;Berzence;7516
305;Besence;7838
306;Besenyõd;4557
307;Besenyõtelek;3373
308;Besenyszög;5071
309;Besnyõ;2456
310;Beszterec;4488
311;Bezedek;7782
312;Bezenye;9223
313;Bezeréd;8934
314;Bezi;9162
315;Biatorbágy;2051
316;Bicsérd;7671
317;Bicske;2060
318;Bihardancsháza;4175
319;Biharkeresztes;4110
320;Biharnagybajom;4172
321;Bihartorda;4174
322;Biharugra;5538
323;Bikács;7043
324;Bikal;7346
325;Biri;4235
326;Birján;7747
327;Bisse;7811
328;Bõ;9625
329;Boba;9542
330;Bocfölde;8943
331;Boconád;3368
332;Bõcs;3574
333;Bócsa;6235
334;Bocska;8776
335;Bocskaikert;4241
336;Boda;7672
337;Bodajk;8053
338;Böde;8991
339;Bödeháza;8969
340;Bodmér;8085
341;Bodolyabér;7394
342;Bodonhely;9134
343;Bodony;3243
344;Bodorfa;8471
345;Bodrog;7439
346;Bodroghalom;3987
347;Bodrogkeresztúr;3916
348;Bodrogkisfalud;3917
349;Bodrogolaszi;3943
350;Bódvalenke;3768
351;Bódvarákó;3764
352;Bódvaszilas;3763
353;Bogács;3412
354;Bogád;7742
355;Bogádmindszent;7836
356;Bogdása;7966
357;Bögöt;9612
358;Bögöte;9675
359;Bogyiszló;7132
360;Bogyoszló;9324
361;Böhönye;8719
362;Bojt;4114
363;Bókaháza;8741
364;Bokod;2855
365;Bököny;4231
366;Bokor;3066
367;Bölcske;7025
368;Boldog;3016
369;Boldogasszonyfa;7937
370;Boldogkõújfalu;3884
371;Boldogkõváralja;3885
372;Boldva;3794
373;Bolhás;7517
374;Bolhó;7586
375;Bóly;7754
376;Boncodfölde;8992
377;Bonnya;7281
378;Bõny;9073
379;Bonyhád;7187
380;Bonyhád;7150
381;Bonyhádvarasd;7158
382;Börcs;9152
383;Bordány;6795
384;Borgáta;9554
385;Borjád;7756
386;Borota;6445
387;Borsfa;8885
388;Borsodbóta;3658
389;Borsodgeszt;3426
390;Borsodivánka;3462
391;Borsodnádasd;3672
392;Borsodnádasd;3671
393;Borsodszentgyörgy;3623
394;Borsodszirák;3796
395;Borsosberény;2644
396;Borszörcsök;8479
397;Borzavár;8428
398;Börzönce;8772
399;Bõsárkány;9167
400;Bosta;7811
401;Bõszénfa;7475
402;Botpalád;4955
403;Botykapeterd;7900
404;Bozsok;9727
405;Bózsva;3994
406;Bozzai;9752
407;Bucsa;5527
408;Bucsu;9792
409;Bucsuszentlászló;8925
410;Bucsuta;8893
411;Budajenõ;2093
412;Budakalász;2011
413;Budakeszi;2092
414;Budaörs;2040
415;Budapest;1069
416;Budapest;1011
417;Budapest;1012
418;Budapest;1013
419;Budapest;1014
420;Budapest;1015
421;Budapest;1016
422;Budapest;1021
423;Budapest;1022
424;Budapest;1023
425;Budapest;1024
426;Budapest;1025
427;Budapest;1026
428;Budapest;1027
429;Budapest;1028
430;Budapest;1029
431;Budapest;1031
432;Budapest;1032
433;Budapest;1033
434;Budapest;1034
435;Budapest;1035
436;Budapest;1036
437;Budapest;1037
438;Budapest;1038
439;Budapest;1039
440;Budapest;1041
441;Budapest;1042
442;Budapest;1043
443;Budapest;1044
444;Budapest;1045
445;Budapest;1046
446;Budapest;1047
447;Budapest;1048
448;Budapest;1051
449;Budapest;1052
450;Budapest;1053
451;Budapest;1054
452;Budapest;1055
453;Budapest;1056
454;Budapest;1061
455;Budapest;1062
456;Budapest;1063
457;Budapest;1064
458;Budapest;1065
459;Budapest;1066
460;Budapest;1067
461;Budapest;1068
462;Budapest;1071
463;Budapest;1072
464;Budapest;1073
465;Budapest;1074
466;Budapest;1075
467;Budapest;1076
468;Budapest;1077
469;Budapest;1078
470;Budapest;1081
471;Budapest;1082
472;Budapest;1083
473;Budapest;1084
474;Budapest;1085
475;Budapest;1086
476;Budapest;1087
477;Budapest;1088
478;Budapest;1089
479;Budapest;1091
480;Budapest;1092
481;Budapest;1093
482;Budapest;1094
483;Budapest;1095
484;Budapest;1096
485;Budapest;1097
486;Budapest;1098
487;Budapest;1101
488;Budapest;1102
489;Budapest;1103
490;Budapest;1104
491;Budapest;1105
492;Budapest;1106
493;Budapest;1107
494;Budapest;1108
495;Budapest;1111
496;Budapest;1112
497;Budapest;1113
498;Budapest;1114
499;Budapest;1115
500;Budapest;1116
501;Budapest;1117
502;Budapest;1118
503;Budapest;1119
504;Budapest;1121
505;Budapest;1122
506;Budapest;1123
507;Budapest;1124
508;Budapest;1125
509;Budapest;1126
510;Budapest;1131
511;Budapest;1132
512;Budapest;1133
513;Budapest;1134
514;Budapest;1135
515;Budapest;1136
516;Budapest;1137
517;Budapest;1138
518;Budapest;1139
519;Budapest;1141
520;Budapest;1142
521;Budapest;1143
522;Budapest;1144
523;Budapest;1145
524;Budapest;1146
525;Budapest;1147
526;Budapest;1148
527;Budapest;1149
528;Budapest;1151
529;Budapest;1152
530;Budapest;1153
531;Budapest;1154
532;Budapest;1155
533;Budapest;1156
534;Budapest;1157
535;Budapest;1158
536;Budapest;1161
537;Budapest;1162
538;Budapest;1163
539;Budapest;1164
540;Budapest;1165
541;Budapest;1171
542;Budapest;1172
543;Budapest;1173
544;Budapest;1174
545;Budapest;1181
546;Budapest;1182
547;Budapest;1183
548;Budapest;1184
549;Budapest;1185
550;Budapest;1186
551;Budapest;1188
552;Budapest;1191
553;Budapest;1192
554;Budapest;1193
555;Budapest;1194
556;Budapest;1195
557;Budapest;1196
558;Budapest;1201
559;Budapest;1202
560;Budapest;1203
561;Budapest;1204
562;Budapest;1205
563;Budapest;1211
564;Budapest;1212
565;Budapest;1213
566;Budapest;1214
567;Budapest;1215
568;Budapest;1221
569;Budapest;1222
570;Budapest;1223
571;Budapest;1224
572;Budapest;1225
573;Budapest;1237
574;Budapest;1238
575;Budapest;1239
576;Budapest;1529
577;Bugac;6114
578;Bugacpusztaháza;6114
579;Bugyi;2347
580;Buj;4483
581;Buják;3047
582;Bük;9740
583;Bük;9737
584;Bükkábrány;3422
585;Bükkaranyos;3554
586;Bükkmogyorósd;3648
587;Bükkösd;7682
588;Bükkszék;3335
589;Bükkszenterzsébet;3257
590;Bükkszentkereszt;3557
591;Bükkszentmárton;3346
592;Bükkzsérc;3414
593;Bürüs;7973
594;Büssü;7273
595;Büttös;3821
596;Buzsák;8695
597;Cák;9725
598;Cakóháza;9165
599;Cece;7013
600;Cégénydányád;4732
601;Cegléd;2738
602;Cegléd;2700
603;Ceglédbercel;2737
604;Celldömölk;9541
605;Celldömölk;9500
606;Cered;3123
607;Chernelházadamonya;9624
608;Cibakháza;5462
609;Cigánd;3973
610;Cikó;7161
611;Cirák;9364
612;Csabacsûd;5551
613;Csabaszabadi;5609
614;Csabdi;2064
615;Csabrendek;8474
616;Csáfordjánosfa;9375
617;Csaholc;4967
618;Csajág;8163
619;Csákány;8735
620;Csákánydoroszló;9919
621;Csákberény;8073
622;Csákvár;8083
623;Csanádalberti;6915
624;Csanádapáca;5662
625;Csanádpalota;6913
626;Csánig;9654
627;Csány;3015
628;Csányoszró;7964
629;Csanytelek;6647
630;Csapi;8756
631;Csapod;9372
632;Csárdaszállás;5621
633;Csarnóta;7811
634;Csaroda;4844
635;Császár;2858
636;Császártöltés;6239
637;Császló;4973
638;Csátalja;6523
639;Csatár;8943
640;Csataszög;5064
641;Csatka;2888
642;Csávoly;6448
643;Csebény;7935
644;Csécse;3052
645;Csegöld;4742
646;Csehbánya;8445
647;Csehi;9833
648;Csehimindszent;9834
649;Csém;2949
650;Csemõ;2713
651;Csempeszkopács;9764
652;Csengele;6765
653;Csenger;4765
654;Csengersima;4743
655;Csengerújfalu;4764
656;Csengõd;6222
657;Csénye;9611
658;Csenyéte;3837
659;Csép;2946
660;Csépa;5475
661;Csepreg;9735
662;Csér;9375
663;Cserdi;7683
664;Cserénfa;7472
665;Cserépfalu;3413
666;Cserépváralja;3417
667;Cserháthaláp;2694
668;Cserhátsurány;2676
669;Cserhátszentiván;3066
670;Cserkeszõlõ;5465
671;Cserkút;7673
672;Csernely;3648
673;Cserszegtomaj;8372
674;Csertalakos;8951
675;Csertõ;7900
676;Csesznek;8419
677;Csesztreg;8973
678;Csesztve;2678
679;Csetény;8417
680;Csévharaszt;2212
681;Csibrák;7225
682;Csikéria;6424
683;Csikóstõttõs;7341
684;Csikvánd;9127
685;Csincse;3442
686;Csipkerek;9836
687;Csitár;2673
688;Csobád;3848
689;Csobaj;3927
690;Csobánka;2014
691;Csöde;8999
692;Csögle;8495
693;Csókakõ;8074
694;Csökmõ;4145
695;Csököly;7526
696;Csokonyavisonta;7555
697;Csokvaomány;3647
698;Csolnok;2521
699;Csólyospálos;6135
700;Csoma;7253
701;Csomád;2161
702;Csombárd;7432
703;Csömend;8700
704;Csömödér;8957
705;Csömör;2141
706;Csönge;9513
707;Csongrád;6648
708;Csongrád;6640
709;Csonkahegyhát;8918
710;Csonkamindszent;7940
711;Csopak;8229
712;Csór;8041
713;Csorna;9300
714;Csörnyeföld;8873
715;Csörötnek;9962
716;Csorvás;5920
717;Csõsz;8122
718;Csót;8558
719;Csõvár;2615
720;Csurgó;8840
721;Csurgónagymarton;8840
722;Cún;7843
723;Dabas;2373
724;Dabas;2371
725;Dabas;2370
726;Dabronc;8345
727;Dabrony;8485
728;Dad;2854
729;Dág;2522
730;Dáka;8592
731;Dalmand;7211
732;Damak;3780
733;Dámóc;3978
734;Dánszentmiklós;2735
735;Dány;2118
736;Daraboshegy;9917
737;Darány;7988
738;Darnó;4737
739;Darnózseli;9232
740;Darvas;4144
741;Dávod;6524
742;Debercsény;2694
743;Debrecen;4079
744;Debrecen;4078
745;Debrecen;4225
746;Debrecen;4063
747;Debrecen;4000
748;Debrecen;4002
749;Debrecen;4024
750;Debrecen;4025
751;Debrecen;4026
752;Debrecen;4027
753;Debrecen;4028
754;Debrecen;4029
755;Debrecen;4030
756;Debrecen;4031
757;Debrecen;4032
758;Debrecen;4033
759;Debrecen;4034
760;Debréte;3825
761;Decs;7144
762;Dédestapolcsány;3643
763;Dég;8135
764;Dejtár;2649
765;Délegyháza;2337
766;Demecser;4516
767;Demjén;3395
768;Dencsháza;7915
769;Dénesfa;9365
770;Derecske;4130
771;Derekegyház;6621
772;Deszk;6772
773;Detek;3834
774;Detk;3275
775;Dévaványa;5510
776;Devecser;8460
777;Dinnyeberki;7683
778;Diósberény;7072
779;Diósd;2049
780;Diósjenõ;2643
781;Dióskál;8764
782;Diósviszló;7817
783;Doba;8482
784;Döbörhegy;9914
785;Doboz;5624
786;Dobri;8874
787;Döbröce;8357
788;Döbrököz;7228
789;Dobronhegy;8989
790;Döbrönte;8597
791;Dóc;6766
792;Döge;4495
793;Domaháza;3627
794;Domaszék;6781
795;Dombegyház;5836
796;Dombiratos;5745
797;Dombóvár;7200
798;Dombrád;4492
799;Domony;2182
800;Dömös;2027
801;Domoszló;3263
802;Dömsöd;2344
803;Dör;9147
804;Dörgicse;8244
805;Dormánd;3374
806;Dorog;2510
807;Dorogháza;3153
808;Döröske;9913
809;Dötk;8799
810;Dövény;3721
811;Dozmat;9791
812;Drágszél;6342
813;Drávacsehi;7849
814;Drávacsepely;7846
815;Drávafok;7967
816;Drávagárdony;7977
817;Drávaiványi;7960
818;Drávakeresztúr;7967
819;Drávapalkonya;7850
820;Drávapiski;7843
821;Drávaszabolcs;7851
822;Drávaszerdahely;7847
823;Drávasztára;7960
824;Drávatamási;7979
825;Drégelypalánk;2646
826;Dubicsány;3635
827;Dudar;8416
828;Duka;9556
829;Dunaalmás;2545
830;Dunabogdány;2023
831;Dunaegyháza;6323
832;Dunafalva;6513
833;Dunaföldvár;7020
834;Dunaharaszti;2330
835;Dunakeszi;2120
836;Dunakiliti;9225
837;Dunapataj;6328
838;Dunaremete;9235
839;Dunaszeg;9174
840;Dunaszekcsõ;7712
841;Dunaszentbenedek;6333
842;Dunaszentgyörgy;7135
843;Dunaszentmiklós;2897
844;Dunaszentpál;9175
845;Dunasziget;9226
846;Dunatetétlen;6325
847;Dunaújváros;2407
848;Dunaújváros;2400
849;Dunavarsány;2336
850;Dunavecse;6087
851;Dusnok;6353
852;Dúzs;7224
853;Ebergõc;9451
854;Ebes;4211
855;Écs;9083
856;Ecséd;3013
857;Ecseg;3053
858;Ecsegfalva;5515
859;Ecseny;7457
860;Ecser;2233
861;Edde;7443
862;Edelény;3783
863;Edelény;3780
864;Edve;9343
865;Eger;3304
866;Eger;3323
867;Eger;3300
868;Egerág;7763
869;Egeralja;8497
870;Egeraracsa;8765
871;Egerbakta;3321
872;Egerbocs;3337
873;Egercsehi;3341
874;Egerfarmos;3379
875;Egerlövõ;3461
876;Egerszalók;3394
877;Égerszög;3757
878;Egerszólát;3328
879;Egervár;8913
880;Egervölgy;9684
881;Egyed;9314
882;Egyek;4067
883;Egyek;4069
884;Egyházasdengeleg;3043
885;Egyházasfalu;9473
886;Egyházasgerge;3185
887;Egyházasharaszti;7824
888;Egyházashetye;9554
889;Egyházashollós;9781
890;Egyházaskeszõ;8523
891;Egyházaskozár;7347
892;Egyházasrádóc;9783
893;Elek;5742
894;Ellend;7744
895;Elõszállás;2423
896;Elõszállás;2424
897;Emõd;3432
898;Encs;3854
899;Encs;3860
900;Encsencs;4374
901;Endrefalva;3165
902;Endrõc;7973
903;Enese;9143
904;Enying;8131
905;Enying;8130
906;Eperjes;6624
907;Eperjeske;4646
908;Eplény;8413
909;Epöl;2526
910;Ercsi;2453
911;Ercsi;2451
912;Érd;2036
913;Érd;2035
914;Érd;2030
915;Erdõbénye;3932
916;Erdõhorváti;3935
917;Erdõkertes;2113
918;Erdõkövesd;3252
919;Erdõkürt;2176
920;Erdõsmárok;7735
921;Erdõsmecske;7723
922;Erdõtarcsa;2177
923;Erdõtelek;3358
924;Erk;3295
925;Érpatak;4245
926;Érsekcsanád;6347
927;Érsekhalma;6348
928;Érsekvadkert;2659
929;Értény;7093
930;Erzsébet;7661
931;Esztár;4124
932;Eszteregnye;8882
933;Esztergályhorváti;8742
934;Esztergom;2509
935;Esztergom;2500
936;Ete;2947
937;Etes;3136
938;Etyek;2091
939;Fábiánháza;4354
940;Fábiánsebestyén;6625
941;Fácánkert;7136
942;Fadd;7139
943;Fadd;7133
944;Fáj;3865
945;Fajsz;6352
946;Fancsal;3855
947;Farád;9321
948;Farkasgyepû;8582
949;Farkaslyuk;3608
950;Farmos;2765
951;Fazekasboda;7732
952;Fedémes;3255
953;Fegyvernek;5213
954;Fegyvernek;5231
955;Fehérgyarmat;4900
956;Fehértó;9163
957;Fehérvárcsurgó;8052
958;Feked;7724
959;Feketeerdõ;9211
960;Felcsút;8086
961;Feldebrõ;3352
962;Felgyõ;6645
963;Felpéc;9122
964;Felsõberecki;3985
965;Felsõcsatár;9794
966;Felsõdobsza;3847
967;Felsõegerszeg;7370
968;Felsõgagy;3837
969;Felsõjánosfa;9934
970;Felsõkelecsény;3722
971;Felsõlajos;6055
972;Felsõmarác;9918
973;Felsõmocsolád;7456
974;Felsõnána;7175
975;Felsõnyárád;3721
976;Felsõnyék;7099
977;Felsõörs;8227
978;Felsõpáhok;8380
979;Felsõpakony;2363
980;Felsõpetény;2611
981;Felsõrajk;8767
982;Felsõregmec;3989
983;Felsõszenterzsébet;8973
984;Felsõszentiván;6447
985;Felsõszentmárton;7968
986;Felsõszölnök;9985
987;Felsõtárkány;3324
988;Felsõtelekes;3735
989;Felsõtold;3067
990;Felsõvadász;3814
991;Felsõzsolca;3561
992;Fényeslitke;4621
993;Fenyõfõ;8432
994;Ferencszállás;6774
995;Fertõboz;9493
996;Fertõd;9433
997;Fertõd;9431
998;Fertõendréd;9442
999;Fertõhomok;9492
1000;Fertõrákos;9421
1001;Fertõszentmiklós;9444
1002;Fertõszéplak;9436
1003;Fiad;7282
1004;Filkeháza;3994
1005;Fityeház;8835
1006;Foktõ;6331
1007;Földeák;6922
1008;Földes;4177
1009;Folyás;4090
1010;Fonó;7271
1011;Fony;3893
1012;Fõnyed;8732
1013;Fonyód;8644
1014;Fonyód;8640
1015;Forráskút;6793
1016;Forró;3849
1017;Fót;2151
1018;Füle;8157
1019;Fülesd;4964
1020;Fulókércs;3864
1021;Fülöp;4266
1022;Fülöpháza;6042
1023;Fülöpjakab;6116
1024;Fülöpszállás;6085
1025;Fülpösdaróc;4754
1026;Fürged;7087
1027;Furta;4141
1028;Füzér;3996
1029;Füzérkajata;3994
1030;Füzérkomlós;3997
1031;Füzérradvány;3993
1032;Füzesabony;3390
1033;Füzesgyarmat;5525
1034;Füzvölgy;8777
1035;Gáborján;4122
1036;Gáborjánháza;8969
1037;Gacsály;4972
1038;Gadács;7276
1039;Gadány;8716
1040;Gadna;3815
1041;Gádoros;5932
1042;Gagyapáti;3837
1043;Gagybátor;3817
1044;Gagyvendégi;3816
1045;Galambok;8754
1046;Galgaguta;2686
1047;Galgagyörk;2681
1048;Galgahévíz;2193
1049;Galgamácsa;2183
1050;Gálosfa;7473
1051;Galvács;3752
1052;Gamás;8685
1053;Ganna;8597
1054;Gánt;8082
1055;Gara;6522
1056;Garáb;3067
1057;Garabonc;8747
1058;Garadna;3873
1059;Garbolc;4976
1060;Gárdony;2484
1061;Gárdony;2485
1062;Gárdony;2483
1063;Garé;7812
1064;Gasztony;9952
1065;Gátér;6111
1066;Gávavencsellõ;4471
1067;Gávavencsellõ;4472
1068;Géberjén;4754
1069;Gecse;8543
1070;Géderlak;6334
1071;Gégény;4517
1072;Gelej;3444
1073;Gelénes;4935
1074;Gellénháza;8981
1075;Gelse;8774
1076;Gelsesziget;8774
1077;Gemzse;4567
1078;Gencsapáti;9721
1079;Gérce;9672
1080;Gerde;7951
1081;Gerendás;5925
1082;Gerényes;7362
1083;Geresdlak;7733
1084;Gerjen;7134
1085;Gersekarát;9813
1086;Geszt;5734
1087;Gesztely;3923
1088;Gesztely;3715
1089;Geszteréd;4232
1090;Gétye;8762
1091;Gic;8435
1092;Gige;7527
1093;Gilvánfa;7954
1094;Girincs;3578
1095;Göd;2131
1096;Göd;2132
1097;Gödöllõ;2100
1098;Gödre;7386
1099;Gödre;7385
1100;Gógánfa;8346
1101;Gölle;7272
1102;Golop;3906
1103;Gomba;2217
1104;Gombosszeg;8984
1105;Gömörszõlõs;3728
1106;Gönc;3895
1107;Göncruszka;3894
1108;Gönyû;9071
1109;Gór;9625
1110;Görbeháza;4075
1111;Görcsöny;7833
1112;Görcsönydoboka;7728
1113;Gordisa;7853
1114;Görgeteg;7553
1115;Gõsfa;8913
1116;Gosztola;8978
1117;Grábóc;7162
1118;Gulács;4842
1119;Gutorfölde;8951
1120;Gyál;2360
1121;Gyalóka;9474
1122;Gyanógeregye;9774
1123;Gyarmat;9126
1124;Gyékényes;8851
1125;Gyenesdiás;8315
1126;Gyepükaján;8473
1127;Gyermely;2821
1128;Gyód;7668
1129;Gyomaendrõd;5502
1130;Gyomaendrõd;5500
1131;Gyömöre;9124
1132;Gyömrõ;2230
1133;Gyöngyfa;7954
1134;Gyöngyös;3221
1135;Gyöngyös;3232
1136;Gyöngyös;3233
1137;Gyöngyös;3200
1138;Gyöngyösfalu;9723
1139;Gyöngyöshalász;3212
1140;Gyöngyösmellék;7972
1141;Gyöngyösoroszi;3211
1142;Gyöngyöspata;3035
1143;Gyöngyössolymos;3231
1144;Gyöngyöstarján;3036
1145;Gyönk;7064
1146;Gyõr;9019
1147;Gyõr;9011
1148;Gyõr;9012
1149;Gyõr;9000
1150;Gyõr;9021
1151;Gyõr;9022
1152;Gyõr;9023
1153;Gyõr;9024
1154;Gyõr;9025
1155;Gyõr;9026
1156;Gyõr;9027
1157;Gyõr;9028
1158;Gyõr;9029
1159;Gyõr;9030
1160;Gyõrasszonyfa;9093
1161;Györe;7352
1162;Györgytarló;3954
1163;Györköny;7045
1164;Gyõrladamér;9173
1165;Gyóró;9363
1166;Gyõröcske;4625
1167;Gyõrság;9084
1168;Gyõrsövényház;9161
1169;Gyõrszemere;9121
1170;Gyõrtelek;4752
1171;Gyõrújbarát;9081
1172;Gyõrújfalu;9171
1173;Gyõrvár;9821
1174;Gyõrzámoly;9172
1175;Gyugy;8692
1176;Gyügye;4733
1177;Gyula;5711
1178;Gyula;5703
1179;Gyula;5700
1180;Gyulaháza;4545
1181;Gyulaj;7227
1182;Gyulakeszi;8286
1183;Gyüre;4813
1184;Gyúró;2464
1185;Gyûrûs;8932
1186;Hács;8694
1187;Hagyárosbörönd;8992
1188;Hahót;8771
1189;Hajdúbagos;4273
1190;Hajdúböszörmény;4224
1191;Hajdúböszörmény;4086
1192;Hajdúböszörmény;4074
1193;Hajdúböszörmény;4220
1194;Hajdúdorog;4087
1195;Hajdúhadház;4242
1196;Hajdúnánás;4085
1197;Hajdúnánás;4080
1198;Hajdúsámson;4251
1199;Hajdúszoboszló;4200
1200;Hajdúszovát;4212
1201;Hajmás;7473
1202;Hajmáskér;8192
1203;Hajós;6344
1204;Halastó;9814
1205;Halászi;9228
1206;Halásztelek;2314
1207;Halimba;8452
1208;Halmaj;3842
1209;Halmajugra;3273
1210;Halogy;9917
1211;Hangács;3795
1212;Hangony;3626
1213;Hantos;2434
1214;Harasztifalu;9784
1215;Harc;7172
1216;Harka;9422
1217;Harkakötöny;6136
1218;Harkány;7815
1219;Háromfa;7585
1220;Háromhuta;3936
1221;Harsány;3555
1222;Hárskút;8442
1223;Harta;6327
1224;Harta;6326
1225;Hásságy;7745
1226;Hatvan;3000
1227;Hédervár;9178
1228;Hedrehely;7533
1229;Hegyesd;8296
1230;Hegyeshalom;9222
1231;Hegyfalu;9631
1232;Hegyháthodász;9915
1233;Hegyhátmaróc;7348
1234;Hegyhátsál;9915
1235;Hegyhátszentjakab;9934
1236;Hegyhátszentmárton;9931
1237;Hegyhátszentpéter;9826
1238;Hegykõ;9437
1239;Hegymagas;8265
1240;Hegymeg;3786
1241;Hegyszentmárton;7837
1242;Héhalom;3041
1243;Hejce;3892
1244;Hejõbába;3593
1245;Hejõkeresztúr;3597
1246;Hejõkürt;3588
1247;Hejõpapi;3594
1248;Hejõszalonta;3595
1249;Helesfa;7683
1250;Helvécia;6034
1251;Hencida;4123
1252;Hencse;7532
1253;Herceghalom;2053
1254;Hercegkút;3958
1255;Hercegszántó;6525
1256;Heréd;3011
1257;Héreg;2832
1258;Herencsény;2677
1259;Herend;8440
1260;Heresznye;7587
1261;Hermánszeg;4735
1262;Hernád;2376
1263;Hernádbûd;3853
1264;Hernádcéce;3887
1265;Hernádkak;3563
1266;Hernádkércs;3846
1267;Hernádnémeti;3564
1268;Hernádpetri;3874
1269;Hernádszentandrás;3852
1270;Hernádszurdok;3875
1271;Hernádvécse;3874
1272;Hernyék;8957
1273;Hét;3655
1274;Hetefejércse;4843
1275;Hetes;7432
1276;Hetvehely;7681
1277;Hetyefõ;8344
1278;Heves;3360
1279;Hevesaranyos;3322
1280;Hevesvezekény;3383
1281;Hévíz;8380
1282;Hévízgyörk;2192
1283;Hidas;7696
1284;Hidasnémeti;3876
1285;Hidegkút;8247
1286;Hidegség;9491
1287;Hidvégardó;3768
1288;Himesháza;7735
1289;Himod;9362
1290;Hirics;7838
1291;Hobol;7971
1292;Hodász;4334
1293;Hódmezõvásárhely;6806
1294;Hódmezõvásárhely;6800
1295;Hõgyész;7191
1296;Hollád;8731
1297;Hollóháza;3999
1298;Hollókõ;3176
1299;Homokbödöge;8563
1300;Homokkomárom;8777
1301;Homokmégy;6341
1302;Homokszentgyörgy;7537
1303;Homorúd;7716
1304;Homrogd;3812
1305;Hont;2647
1306;Horpács;2658
1307;Hort;3014
1308;Hortobágy;4071
1309;Horváthertelend;7935
1310;Horvátlövõ;9796
1311;Horvátzsidány;9733
1312;Hosszúhetény;7694
1313;Hosszúpályi;4274
1314;Hosszúpereszteg;9676
1315;Hosszúvíz;8716
1316;Hosszúvölgy;8777
1317;Hosztót;8475
1318;Hottó;8991
1319;Hövej;9361
1320;Hugyag;2672
1321;Hunya;5555
1322;Hunyadfalva;5063
1323;Husztót;7678
1324;Ibafa;7935
1325;Iborfia;8984
1326;Ibrány;4484
1327;Igal;7275
1328;Igar;7016
1329;Igar;7015
1330;Igrici;3459
1331;Iharos;8726
1332;Iharosberény;8725
1333;Ikervár;9756
1334;Iklad;2181
1335;Iklanberény;9634
1336;Iklódbördõce;8958
1337;Ikrény;9141
1338;Iliny;2675
1339;Ilk;4566
1340;Illocska;7775
1341;Imola;3724
1342;Imrehegy;6238
1343;Ináncs;3851
1344;Inárcs;2365
1345;Inke;8724
1346;Ipacsfa;7847
1347;Ipolydamásd;2631
1348;Ipolytarnóc;3138
1349;Ipolytölgyes;2633
1350;Ipolyvece;2669
1351;Iregszemcse;7095
1352;Irota;3786
1353;Isaszeg;2117
1354;Ispánk;9941
1355;Istenmezeje;3253
1356;Istvándi;7987
1357;Iszkaszentgyörgy;8043
1358;Iszkáz;8493
1359;Isztimér;8045
1360;Ivád;3248
1361;Iván;9374
1362;Ivánbattyán;7772
1363;Ivánc;9931
1364;Iváncsa;2454
1365;Ivándárda;7781
1366;Izmény;7353
1367;Izsák;6070
1368;Izsófalva;3741
1369;Jágónak;7362
1370;Ják;9798
1371;Jakabszállás;6078
1372;Jákfa;9643
1373;Jákfalva;3721
1374;Jákó;7525
1375;Jánd;4841
1376;Jánkmajtis;4741
1377;Jánoshalma;6440
1378;Jánosháza;9545
1379;Jánoshida;5143
1380;Jánossomorja;9241
1381;Jánossomorja;9242
1382;Járdánháza;3664
1383;Jármi;4337
1384;Jásd;8424
1385;Jászágó;5124
1386;Jászalsószentgyörgy;5054
1387;Jászapáti;5130
1388;Jászárokszállás;5123
1389;Jászberény;5152
1390;Jászberény;5100
1391;Jászboldogháza;5144
1392;Jászdózsa;5122
1393;Jászfelsõszentgyörgy;5111
1394;Jászfényszaru;5126
1395;Jászivány;5135
1396;Jászjákóhalma;5121
1397;Jászkarajenõ;2746
1398;Jászkisér;5137
1399;Jászladány;5055
1400;Jászszentandrás;5136
1401;Jászszentlászló;6133
1402;Jásztelek;5141
1403;Jéke;4611
1404;Jenõ;8146
1405;Jobaháza;9323
1406;Jobbágyi;3063
1407;Jósvafõ;3758
1408;Juta;7431
1409;Kaba;4183
1410;Kacorlak;8773
1411;Kács;3424
1412;Kacsóta;7940
1413;Kadarkút;7530
1414;Kajárpéc;9123
1415;Kajászó;2472
1416;Kajdacs;7051
1417;Kakasd;7122
1418;Kákics;7958
1419;Kakucs;2366
1420;Kál;3350
1421;Kalaznó;7194
1422;Káld;9673
1423;Kálló;2175
1424;Kallósd;8785
1425;Kállósemjén;4324
1426;Kálmáncsa;7538
1427;Kálmánháza;4434
1428;Kálócfa;8988
1429;Kalocsa;6300
1430;Káloz;8124
1431;Kám;9841
1432;Kamond;8469
1433;Kamut;5673
1434;Kánó;3735
1435;Kántorjánosi;4335
1436;Kány;3821
1437;Kánya;8667
1438;Kányavár;8956
1439;Kapolcs;8294
1440;Kápolna;3355
1441;Kápolnásnyék;2475
1442;Kapoly;8671
1443;Kaposfõ;7523
1444;Kaposgyarmat;7473
1445;Kaposhomok;7261
1446;Kaposkeresztúr;7258
1447;Kaposmérõ;7521
1448;Kapospula;7251
1449;Kaposszekcsõ;7361
1450;Kaposszerdahely;7476
1451;Kaposújlak;7522
1452;Kaposvár;7400
1453;Káptalanfa;8471
1454;Káptalantóti;8283
1455;Kapuvár;9339
1456;Kapuvár;9330
1457;Kára;7285
1458;Karácsond;3281
1459;Karád;8676
1460;Karakó;9547
1461;Karakószörcsök;8491
1462;Karancsalja;3181
1463;Karancsberény;3137
1464;Karancskeszi;3183
1465;Karancslapujtõ;3182
1466;Karancsság;3163
1467;Kárász;7333
1468;Karcag;5300
1469;Karcsa;3963
1470;Kardos;5552
1471;Kardoskút;5945
1472;Karmacs;8354
1473;Karos;3962
1474;Kartal;2173
1475;Kásád;7827
1476;Kaskantyú;6211
1477;Kastélyosdombó;7977
1478;Kaszaper;5948
1479;Kaszó;7564
1480;Katádfa;7914
1481;Katafa;9915
1482;Kátoly;7661
1483;Katymár;6455
1484;Káva;2215
1485;Kávás;8994
1486;Kazár;3147
1487;Kazár;3127
1488;Kazincbarcika;3700
1489;Kázsmárk;3831
1490;Kazsok;7274
1491;Kecel;6237
1492;Kecskéd;2852
1493;Kecskemét;6044
1494;Kecskemét;6008
1495;Kecskemét;6000
1496;Kehidakustány;8784
1497;Kék;4515
1498;Kékcse;4494
1499;Kéked;3899
1500;Kékesd;7661
1501;Kékkút;8254
1502;Kelebia;6423
1503;Keléd;9549
1504;Kelemér;3728
1505;Kéleshalom;6444
1506;Kelevíz;8714
1507;Kemecse;4501
1508;Kemence;2638
1509;Kemendollár;8931
1510;Kemeneshõgyész;8516
1511;Kemeneskápolna;9553
1512;Kemenesmagasi;9522
1513;Kemenesmihályfa;9511
1514;Kemenespálfa;9544
1515;Kemenessömjén;9517
1516;Kemenesszentmárton;9521
1517;Kemenesszentpéter;8518
1518;Keménfa;8995
1519;Kémes;7843
1520;Kemestaródfa;9923
1521;Kemse;7839
1522;Kenderes;5349
1523;Kenderes;5331
1524;Kenéz;9752
1525;Kenézlõ;3955
1526;Kengyel;5083
1527;Kenyeri;9514
1528;Kercaszomor;9945
1529;Kercseliget;7256
1530;Kerecsend;3396
1531;Kerecseny;8745
1532;Kerekegyháza;6041
1533;Kereki;8618
1534;Kerékteleki;2882
1535;Kerepes;2145
1536;Kerepes;2144
1537;Keresztéte;3821
1538;Kerkabarabás;8971
1539;Kerkafalva;8973
1540;Kerkakutas;8973
1541;Kerkáskápolna;9944
1542;Kerkaszentkirály;8874
1543;Kerkateskánd;8879
1544;Kérsemjén;4912
1545;Kerta;8492
1546;Kertészsziget;5526
1547;Keszeg;2616
1548;Kesznyéten;3579
1549;Keszõhidegkút;7062
1550;Keszthely;8360
1551;Kesztölc;2517
1552;Keszü;7668
1553;Kétbodony;2655
1554;Kétegyháza;5741
1555;Kéthely;8713
1556;Kétpó;5411
1557;Kétsoprony;5674
1558;Kétújfalu;7975
1559;Kétvölgy;9982
1560;Kéty;7174
1561;Kevermes;5744
1562;Kilimán;8774
1563;Kimle;9181
1564;Kincsesbánya;8044
1565;Királd;3657
1566;Királyegyháza;7953
1567;Királyhegyes;6911
1568;Királyszentistván;8195
1569;Kisapáti;8284
1570;Kisapostag;2428
1571;Kisar;4921
1572;Kisasszond;7523
1573;Kisasszonyfa;7954
1574;Kisbabot;9133
1575;Kisbágyon;3046
1576;Kisbajcs;9062
1577;Kisbajom;7542
1578;Kisbárapáti;7282
1579;Kisbárkány;3075
1580;Kisbér;2881
1581;Kisbér;2879
1582;Kisbér;2870
1583;Kisberény;8693
1584;Kisberzseny;8477
1585;Kisbeszterce;7391
1586;Kisbodak;9234
1587;Kisbucsa;8925
1588;Kisbudmér;7756
1589;Kiscsécs;3578
1590;Kiscsehi;8888
1591;Kiscsõsz;8494
1592;Kisdér;7814
1593;Kisdobsza;7985
1594;Kisdombegyház;5837
1595;Kisdorog;7159
1596;Kisecset;2655
1597;Kisfalud;9341
1598;Kisfüzes;3256
1599;Kisgörbõ;8356
1600;Kisgyalán;7279
1601;Kisgyõr;3556
1602;Kishajmás;7391
1603;Kisharsány;7800
1604;Kishartyán;3161
1605;Kisherend;7763
1606;Kishódos;4977
1607;Kishuta;3994
1608;Kisigmánd;2948
1609;Kisjakabfalva;7773
1610;Kiskassa;7766
1611;Kiskinizs;3843
1612;Kisköre;3384
1613;Kiskõrös;6200
1614;Kiskorpád;7524
1615;Kiskunfélegyháza;6100
1616;Kiskunhalas;6400
1617;Kiskunlacháza;2340
1618;Kiskunmajsa;6120
1619;Kiskutas;8911
1620;Kisláng;8156
1621;Kisléta;4325
1622;Kislippó;7775
1623;Kislõd;8446
1624;Kismányok;7356
1625;Kismarja;4126
1626;Kismaros;2623
1627;Kisnamény;4737
1628;Kisnána;3264
1629;Kisnémedi;2165
1630;Kisnyárád;7759
1631;Kisoroszi;2024
1632;Kispalád;4956
1633;Kispáli;8912
1634;Kispirit;8496
1635;Kisrákos;9936
1636;Kisrécse;8756
1637;Kisrozvágy;3965
1638;Kissikátor;3627
1639;Kissomlyó;9555
1640;Kisszállás;6421
1641;Kisszékely;7082
1642;Kisszekeres;4963
1643;Kisszentmárton;7841
1644;Kissziget;8957
1645;Kisszõlõs;8483
1646;Kistamási;7981
1647;Kistapolca;7823
1648;Kistarcsa;2143
1649;Kistelek;6760
1650;Kistokaj;3553
1651;Kistolmács;8868
1652;Kistormás;7068
1653;Kistótfalu;7768
1654;Kisújszállás;5310
1655;Kisunyom;9772
1656;Kisvárda;4600
1657;Kisvarsány;4811
1658;Kisvásárhely;8341
1659;Kisvaszar;7381
1660;Kisvejke;7183
1661;Kiszombor;6775
1662;Kiszsidány;9733
1663;Klárafalva;6773
1664;Köblény;7334
1665;Kocs;2898
1666;Kocsér;2755
1667;Köcsk;9553
1668;Kocsola;7212
1669;Kocsord;4751
1670;Kóka;2243
1671;Kokad;4284
1672;Kökény;7668
1673;Kõkút;7530
1674;Kölcse;4965
1675;Kölesd;7052
1676;Kölked;7717
1677;Kolontár;8468
1678;Komádi;4138
1679;Komárom;2903
1680;Komárom;2921
1681;Komárom;2900
1682;Komjáti;3765
1683;Komló;7305
1684;Komló;7300
1685;Kömlõ;3372
1686;Kömlõd;2853
1687;Komlódtótfalu;4765
1688;Komlósd;7582
1689;Komlóska;3937
1690;Komoró;4622
1691;Kömörõ;4943
1692;Kömpöc;6134
1693;Kompolt;3356
1694;Kondó;3775
1695;Kondorfa;9943
1696;Kondoros;5553
1697;Kóny;9144
1698;Konyár;4133
1699;Kópháza;9495
1700;Koppányszántó;7094
1701;Korlát;3886
1702;Körmend;9909
1703;Körmend;9900
1704;Környe;2851
1705;Köröm;3577
1706;Koroncó;9113
1707;Kórós;7841
1708;Kõröshegy;8617
1709;Körösladány;5516
1710;Körösnagyharsány;5539
1711;Körösszakál;4136
1712;Körösszegapáti;4135
1713;Köröstarcsa;5622
1714;Kõröstetétlen;2745
1715;Körösújfalu;5536
1716;Kosd;2612
1717;Kóspallag;2625
1718;Kõszárhegy;8152
1719;Kõszeg;9730
1720;Kõszegdoroszló;9725
1721;Kõszegpaty;9739
1722;Kõszegszerdahely;9725
1723;Kótaj;4482
1724;Kötcse;8627
1725;Kötegyán;5725
1726;Kõtelek;5062
1727;Kovácshida;7847
1728;Kovácsszénája;7678
1729;Kovácsvágás;3992
1730;Kõvágóörs;8254
1731;Kõvágószõlõs;7673
1732;Kõvágótõttõs;7675
1733;Kövegy;6912
1734;Köveskál;8274
1735;Kozárd;3053
1736;Kozármisleny;7761
1737;Kozmadombja;8988
1738;Krasznokvajda;3821
1739;Kübekháza;6755
1740;Kulcs;2458
1741;Külsõsárd;8978
1742;Külsõvat;9532
1743;Kunadacs;6097
1744;Kunágota;5746
1745;Kunbaja;6435
1746;Kunbaracs;6043
1747;Kuncsorba;5412
1748;Kunfehértó;6413
1749;Küngös;8162
1750;Kunhegyes;5340
1751;Kunmadaras;5321
1752;Kunpeszér;6096
1753;Kunszállás;6115
1754;Kunszentmárton;5449
1755;Kunszentmárton;5440
1756;Kunszentmiklós;6090
1757;Kunsziget;9184
1758;Kup;8595
1759;Kupa;3813
1760;Kurd;7226
1761;Kurityán;3732
1762;Kustánszeg;8919
1763;Kutas;7541
1764;Kutasó;3066
1765;Lábatlan;2541
1766;Lábod;7551
1767;Lácacséke;3967
1768;Lad;7535
1769;Ladánybene;6045
1770;Ládbesenyõ;3780
1771;Lajoskomárom;8136
1772;Lajosmizse;6050
1773;Lak;3786
1774;Lakhegy;8913
1775;Lakitelek;6065
1776;Lakócsa;7918
1777;Lánycsók;7759
1778;Lápafõ;7214
1779;Lapáncsa;7775
1780;Laskod;4543
1781;Lasztonya;8887
1782;Látrány;8681
1783;Lázi;9089
1784;Leányfalu;2016
1785;Leányvár;2518
1786;Lébény;9155
1787;Legénd;2619
1788;Legyesbénye;3904
1789;Léh;3832
1790;Lénárddaróc;3648
1791;Lendvadedes;8978
1792;Lendvajakabfa;8977
1793;Lengyel;7184
1794;Lengyeltóti;8693
1795;Lenti;8966
1796;Lenti;8960
1797;Lepsény;8132
1798;Lesencefalu;8318
1799;Lesenceistvánd;8319
1800;Lesencetomaj;8318
1801;Létavértes;4281
1802;Létavértes;4283
1803;Letenye;8868
1804;Letkés;2632
1805;Levél;9221
1806;Levelek;4555
1807;Libickozma;8707
1808;Lickóvadamos;8981
1809;Liget;7331
1810;Ligetfalva;8782
1811;Lipót;9233
1812;Lippó;7781
1813;Liptód;7757
1814;Lispeszentadorján;8888
1815;Liszó;8831
1816;Litér;8196
1817;Litka;3866
1818;Litke;3186
1819;Lócs;9634
1820;Lõkösháza;5743
1821;Lókút;8425
1822;Lónya;4836
1823;Lórév;2309
1824;Lõrinci;3022
1825;Lõrinci;3024
1826;Lõrinci;3021
1827;Lothárd;7761
1828;Lovas;8228
1829;Lovasberény;8093
1830;Lovászhetény;7720
1831;Lovászi;8878
1832;Lovászpatona;8553
1833;Lövõ;9461
1834;Lövõpetri;4633
1835;Lucfalva;3129
1836;Ludányhalászi;3188
1837;Ludas;3274
1838;Lukácsháza;9724
1839;Lulla;8660
1840;Lúzsok;7838
1841;Mád;3909
1842;Madaras;6456
1843;Madocsa;7026
1844;Maglóca;9169
1845;Maglód;2234
1846;Mágocs;7342
1847;Magosliget;4953
1848;Magy;4556
1849;Magyaralmás;8071
1850;Magyaratád;7463
1851;Magyarbánhegyes;5667
1852;Magyarbóly;7775
1853;Magyarcsanád;6932
1854;Magyardombegyház;5838
1855;Magyaregregy;7332
1856;Magyaregres;7441
1857;Magyarföld;8973
1858;Magyargéc;3133
1859;Magyargencs;8517
1860;Magyarhertelend;7394
1861;Magyarhomorog;4137
1862;Magyarkeresztúr;9346
1863;Magyarkeszi;7098
1864;Magyarlak;9962
1865;Magyarlukafa;7925
1866;Magyarmecske;7954
1867;Magyarnádalja;9909
1868;Magyarnándor;2694
1869;Magyarpolány;8449
1870;Magyarsarlós;7761
1871;Magyarszecsõd;9912
1872;Magyarszék;7396
1873;Magyarszentmiklós;8776
1874;Magyarszerdahely;8776
1875;Magyarszombatfa;9946
1876;Magyartelek;7954
1877;Majosháza;2339
1878;Majs;7783
1879;Makád;2322
1880;Makkoshotyka;3959
1881;Maklár;3397
1882;Makó;6903
1883;Makó;6900
1884;Malomsok;8533
1885;Mályi;3434
1886;Mályinka;3645
1887;Mánd;4942
1888;Mándok;4644
1889;Mánfa;7304
1890;Mány;2065
1891;Maráza;7733
1892;Marcalgergelyi;9534
1893;Marcali;8714
1894;Marcali;8709
1895;Marcali;8700
1896;Marcaltõ;8531
1897;Marcaltõ;8532
1898;Márfa;7817
1899;Máriahalom;2527
1900;Máriakálnok;9231
1901;Máriakéménd;7663
1902;Márianosztra;2629
1903;Máriapócs;4326
1904;Markaz;3262
1905;Márkháza;3075
1906;Márkó;8441
1907;Markóc;7967
1908;Markotabödöge;9164
1909;Maróc;8888
1910;Marócsa;7960
1911;Márok;7774
1912;Márokföld;8976
1913;Márokpapi;4932
1914;Maroslele;6921
1915;Mártély;6636
1916;Martfû;5435
1917;Martonfa;7720
1918;Martonvásár;2462
1919;Martonyi;3755
1920;Mátészalka;4700
1921;Mátételke;6452
1922;Mátraballa;3247
1923;Mátraderecske;3246
1924;Mátramindszent;3155
1925;Mátranovák;3144
1926;Mátranovák;3143
1927;Mátraszele;3142
1928;Mátraszentimre;3234
1929;Mátraszentimre;3235
1930;Mátraszõlõs;3068
1931;Mátraterenye;3145
1932;Mátraterenye;3146
1933;Mátraverebély;3077
1934;Matty;7854
1935;Mátyásdomb;8134
1936;Mátyus;4835
1937;Máza;7351
1938;Mecseknádasd;7695
1939;Mecsekpölöske;7300
1940;Mecsér;9176
1941;Medgyesbodzás;5664
1942;Medgyesbodzás;5663
1943;Medgyesegyháza;5752
1944;Medgyesegyháza;5666
1945;Medina;7057
1946;Meggyeskovácsi;9757
1947;Megyaszó;3718
1948;Megyehid;9754
1949;Megyer;8348
1950;Méhkerék;5726
1951;Méhtelek;4975
1952;Mekényes;7344
1953;Mélykút;6449
1954;Mencshely;8271
1955;Mende;2235
1956;Méra;3871
1957;Merenye;7981
1958;Mérges;9136
1959;Mérk;4352
1960;Mernye;7453
1961;Mersevát;9531
1962;Mesterháza;9662
1963;Mesteri;9551
1964;Mesterszállás;5452
1965;Meszes;3754
1966;Meszlen;9745
1967;Mesztegnyõ;8716
1968;Mezõberény;5650
1969;Mezõcsát;3450
1970;Mezõcsokonya;7434
1971;Mezõd;7370
1972;Mezõfalva;2422
1973;Mezõgyán;5732
1974;Mezõhegyes;5820
1975;Mezõhék;5453
1976;Mezõkeresztes;3441
1977;Mezõkomárom;8137
1978;Mezõkovácsháza;5800
1979;Mezõkövesd;3400
1980;Mezõladány;4641
1981;Mezõlak;8514
1982;Mezõnagymihály;3443
1983;Mezõnyárád;3421
1984;Mezõörs;9098
1985;Mezõörs;9097
1986;Mezõpeterd;4118
1987;Mezõsas;4134
1988;Mezõszemere;3378
1989;Mezõszentgyörgy;8133
1990;Mezõszilas;7017
1991;Mezõtárkány;3375
1992;Mezõtúr;5400
1993;Mezõzombor;3931
1994;Miháld;8825
1995;Mihályfa;8341
1996;Mihálygerge;3184
1997;Mihályháza;8513
1998;Mihályi;9342
1999;Mike;7512
2000;Mikebuda;2736
2001;Mikekarácsonyfa;8949
2002;Mikepércs;4271
2003;Miklósi;7286
2004;Mikófalva;3344
2005;Mikóháza;3989
2006;Mikosszéplak;9835
2007;Milejszeg;8917
2008;Milota;4948
2009;Mindszent;6630
2010;Mindszentgodisa;7391
2011;Mindszentkálla;8282
2012;Misefa;8935
2013;Miske;6343
2014;Miskolc;3510
2015;Miskolc;3515
2016;Miskolc;3516
2017;Miskolc;3508
2018;Miskolc;3517
2019;Miskolc;3518
2020;Miskolc;3521
2021;Miskolc;3519
2022;Miskolc;3500
2023;Miskolc;3501
2024;Miskolc;3524
2025;Miskolc;3525
2026;Miskolc;3526
2027;Miskolc;3527
2028;Miskolc;3528
2029;Miskolc;3529
2030;Miskolc;3530
2031;Miskolc;3531
2032;Miskolc;3532
2033;Miskolc;3533
2034;Miskolc;3534
2035;Miskolc;3535
2036;Miszla;7065
2037;Mocsa;2911
2038;Mõcsény;7163
2039;Mogyoród;2146
2040;Mogyorósbánya;2535
2041;Mogyoróska;3893
2042;Moha;8042
2043;Mohács;7715
2044;Mohács;7714
2045;Mohács;7700
2046;Mohora;2698
2047;Molnári;8863
2048;Molnaszecsõd;9912
2049;Molvány;7981
2050;Monaj;3812
2051;Monok;3905
2052;Monor;2213
2053;Monor;2200
2054;Mónosbél;3345
2055;Monostorapáti;8296
2056;Monostorpályi;4275
2057;Monoszló;8273
2058;Monyoród;7751
2059;Mór;8060
2060;Mórágy;7165
2061;Mórahalom;6782
2062;Móricgát;6132
2063;Mórichida;9131
2064;Mosdós;7257
2065;Mosonmagyaróvár;9200
2066;Mosonszentmiklós;9183
2067;Mosonszentmiklós;9154
2068;Mosonszolnok;9245
2069;Mozsgó;7932
2070;Mucsfa;7185
2071;Mucsi;7195
2072;Múcsony;3744
2073;Muhi;3552
2074;Murakeresztúr;8834
2075;Murarátka;8868
2076;Muraszemenye;8872
2077;Murga;7176
2078;Murony;5672
2079;Nábrád;4911
2080;Nadap;8097
2081;Nádasd;9915
2082;Nádasdladány;8145
2083;Nádudvar;4181
2084;Nágocs;8674
2085;Nagyacsád;8521
2086;Nagyalásony;8484
2087;Nagyar;4922
2088;Nagyatád;7500
2089;Nagybajcs;9063
2090;Nagybajom;7561
2091;Nagybakónak;8821
2092;Nagybánhegyes;5668
2093;Nagybaracska;6527
2094;Nagybarca;3641
2095;Nagybárkány;3075
2096;Nagyberény;8656
2097;Nagyberki;7255
2098;Nagybörzsöny;2634
2099;Nagybudmér;7756
2100;Nagycenk;9485
2101;Nagycsány;7838
2102;Nagycsécs;3598
2103;Nagycsepely;8628
2104;Nagycserkesz;4445
2105;Nagydém;8554
2106;Nagydobos;4823
2107;Nagydobsza;7985
2108;Nagydorog;7044
2109;Nagyecsed;4355
2110;Nagyér;6917
2111;Nagyesztergár;8415
2112;Nagyfüged;3282
2113;Nagygeresd;9664
2114;Nagygörbõ;8356
2115;Nagygyimót;8551
2116;Nagyhajmás;7343
2117;Nagyhalász;4485
2118;Nagyharsány;7822
2119;Nagyhegyes;4064
2120;Nagyhódos;4977
2121;Nagyhuta;3994
2122;Nagyigmánd;2942
2123;Nagyiván;5363
2124;Nagykálló;4320
2125;Nagykamarás;5751
2126;Nagykanizsa;8831
2127;Nagykanizsa;8808
2128;Nagykanizsa;8809
2129;Nagykanizsa;8800
2130;Nagykapornak;8935
2131;Nagykarácsony;2425
2132;Nagykáta;2760
2133;Nagykereki;4127
2134;Nagykeresztúr;3129
2135;Nagykinizs;3844
2136;Nagykökényes;3012
2137;Nagykölked;9784
2138;Nagykónyi;7092
2139;Nagykõrös;2750
2140;Nagykorpád;7545
2141;Nagykörû;5065
2142;Nagykovácsi;2094
2143;Nagykozár;7741
2144;Nagykutas;8911
2145;Nagylak;6933
2146;Nagylengyel;8983
2147;Nagylóc;3175
2148;Nagylók;2435
2149;Nagylózs;9482
2150;Nagymágocs;6622
2151;Nagymányok;7355
2152;Nagymaros;2626
2153;Nagymizdó;9913
2154;Nagynyárád;7784
2155;Nagyoroszi;2645
2156;Nagypáli;8912
2157;Nagypall;7731
2158;Nagypeterd;7912
2159;Nagypirit;8496
2160;Nagyrábé;4173
2161;Nagyrada;8746
2162;Nagyrákos;9938
2163;Nagyrécse;8756
2164;Nagyréde;3214
2165;Nagyrév;5463
2166;Nagyrozvágy;3965
2167;Nagysáp;2524
2168;Nagysimonyi;9561
2169;Nagyszakácsi;8739
2170;Nagyszékely;7085
2171;Nagyszekeres;4962
2172;Nagyszénás;5931
2173;Nagyszentjános;9072
2174;Nagyszokoly;7097
2175;Nagytálya;3398
2176;Nagytarcsa;2142
2177;Nagytevel;8562
2178;Nagytilaj;9832
2179;Nagytõke;6612
2180;Nagytótfalu;7800
2181;Nagyút;3357
2182;Nagyvarsány;4812
2183;Nagyváty;7912
2184;Nagyvázsony;8291
2185;Nagyvejke;7186
2186;Nagyveleg;8065
2187;Nagyvenyim;2421
2188;Nagyvisnyó;3349
2189;Nak;7215
2190;Napkor;4552
2191;Nárai;9797
2192;Narda;9793
2193;Naszály;2899
2194;Négyes;3463
2195;Nekézseny;3646
2196;Nemesapáti;8923
2197;Nemesbikk;3592
2198;Nemesbõd;9749
2199;Nemesborzova;4942
2200;Nemesbük;8371
2201;Nemescsó;9739
2202;Nemesdéd;8722
2203;Nemesgörzsöny;8522
2204;Nemesgulács;8284
2205;Nemeshany;8471
2206;Nemeshetés;8925
2207;Nemeske;7981
2208;Nemeskér;9471
2209;Nemeskeresztúr;9548
2210;Nemeskisfalud;8717
2211;Nemeskocs;9542
2212;Nemeskolta;9775
2213;Nemesládony;9663
2214;Nemesmedves;9953
2215;Nemesnádudvar;6345
2216;Nemesnép;8976
2217;Nemespátró;8856
2218;Nemesrádó;8915
2219;Nemesrempehollós;9782
2220;Nemessándorháza;8925
2221;Nemesszalók;9533
2222;Nemesszentandrás;8925
2223;Nemesvámos;8248
2224;Nemesvid;8738
2225;Nemesvita;8311
2226;Németbánya;8581
2227;Németfalu;8918
2228;Németkér;7039
2229;Nemti;3152
2230;Neszmély;2544
2231;Nézsa;2618
2232;Nick;9652
2233;Nikla;8706
2234;Nógrád;2642
2235;Nógrádkövesd;2691
2236;Nógrádmarcal;2675
2237;Nógrádmegyer;3132
2238;Nógrádsáp;2685
2239;Nógrádsipek;3179
2240;Nógrádszakál;3187
2241;Nóráp;8591
2242;Noszlop;8456
2243;Noszvaj;3325
2244;Nõtincs;2610
2245;Nova;8948
2246;Novaj;3327
2247;Novajidrány;3872
2248;Nyalka;9096
2249;Nyárád;8512
2250;Nyáregyháza;2723
2251;Nyárlõrinc;6032
2252;Nyársapát;2712
2253;Nyékládháza;3433
2254;Nyergesújfalu;2537
2255;Nyergesújfalu;2536
2256;Nyésta;3809
2257;Nyim;8612
2258;Nyírábrány;4264
2259;Nyíracsád;4262
2260;Nyirád;8454
2261;Nyíradony;4253
2262;Nyíradony;4252
2263;Nyíradony;4254
2264;Nyírbátor;4300
2265;Nyírbéltek;4372
2266;Nyírbogát;4361
2267;Nyírbogdány;4511
2268;Nyírcsaholy;4356
2269;Nyírcsászári;4331
2270;Nyírderzs;4332
2271;Nyíregyháza;4405
2272;Nyíregyháza;4246
2273;Nyíregyháza;4433
2274;Nyíregyháza;4412
2275;Nyíregyháza;4432
2276;Nyíregyháza;4551
2277;Nyíregyháza;4431
2278;Nyíregyháza;4481
2279;Nyíregyháza;4400
2280;Nyírgelse;4362
2281;Nyírgyulaj;4311
2282;Nyíri;3997
2283;Nyíribrony;4535
2284;Nyírjákó;4541
2285;Nyírkarász;4544
2286;Nyírkáta;4333
2287;Nyírkércs;4537
2288;Nyírlövõ;4632
2289;Nyírlugos;4371
2290;Nyírmada;4564
2291;Nyírmártonfalva;4263
2292;Nyírmeggyes;4722
2293;Nyírmihálydi;4363
2294;Nyírparasznya;4822
2295;Nyírpazony;4531
2296;Nyírpilis;4376
2297;Nyírtass;4522
2298;Nyírtelek;4461
2299;Nyírtét;4554
2300;Nyírtura;4532
2301;Nyírvasvári;4341
2302;Nyõgér;9682
2303;Nyomár;3795
2304;Nyugotszenterzsébet;7912
2305;Nyúl;9082
2306;Óbánya;7695
2307;Óbarok;2063
2308;Óbudavár;8272
2309;Öcs;8292
2310;Ócsa;2364
2311;Ócsárd;7814
2312;Õcsény;7143
2313;Öcsöd;5451
2314;Ófalu;7695
2315;Ófehértó;4558
2316;Óföldeák;6923
2317;Óhid;8342
2318;Okány;5534
2319;Okorág;7957
2320;Ököritófülpös;4755
2321;Okorvölgy;7681
2322;Olasz;7745
2323;Olaszfa;9824
2324;Olaszfalu;8414
2325;Olaszliszka;3933
2326;Ölbõ;9621
2327;Olcsva;4826
2328;Olcsvaapáti;4914
2329;Old;7824
2330;Ólmod;9733
2331;Oltárc;8886
2332;Ömböly;4373
2333;Onga;3562
2334;Ónod;3551
2335;Ópályi;4821
2336;Ópusztaszer;6767
2337;Õr;4336
2338;Orbányosfa;8935
2339;Õrbottyán;2162
2340;Orci;7400
2341;Ordacsehi;8635
2342;Ordas;6335
2343;Öregcsertõ;6311
2344;Öreglak;8697
2345;Orfalu;9982
2346;Orfû;7677
2347;Orgovány;6077
2348;Õrhalom;2671
2349;Õrimagyarósd;9933
2350;Õriszentpéter;9941
2351;Örkény;2377
2352;Ormándlak;8983
2353;Örményes;5222
2354;Örménykút;5556
2355;Ormosbánya;3743
2356;Orosháza;5904
2357;Orosháza;5903
2358;Orosháza;5905
2359;Orosháza;5900
2360;Oroszi;8458
2361;Oroszlány;2840
2362;Oroszló;7370
2363;Orosztony;8744
2364;Ortaháza;8954
2365;Õrtilos;8854
2366;Örvényes;8242
2367;Õsagárd;2610
2368;Õsi;8161
2369;Öskü;8191
2370;Osli;9354
2371;Ostffyasszonyfa;9512
2372;Ostoros;3326
2373;Oszkó;9825
2374;Oszlár;3591
2375;Osztopán;7444
2376;Öttevény;9153
2377;Öttömös;6784
2378;Ötvöskónyi;7511
2379;Ózd;3604
2380;Ózd;3651
2381;Ózd;3661
2382;Ózd;3603
2383;Ózd;3662
2384;Ózd;3625
2385;Ózd;3621
2386;Ózd;3600
2387;Ózdfalu;7836
2388;Ozmánbük;8998
2389;Ozora;7086
2390;Pácin;3964
2391;Pacsa;8761
2392;Pácsony;9823
2393;Padár;8935
2394;Páhi;6075
2395;Páka;8956
2396;Pakod;8799
2397;Pákozd;8095
2398;Paks;7027
2399;Paks;7030
2400;Palé;7370
2401;Pálfa;7042
2402;Pálfiszeg;8990
2403;Pálháza;3994
2404;Páli;9345
2405;Palkonya;7771
2406;Pálmajor;7561
2407;Pálmonostora;6112
2408;Palotabozsok;7727
2409;Palotás;3042
2410;Paloznak;8229
2411;Pamlény;3821
2412;Pamuk;8698
2413;Pánd;2214
2414;Pankasz;9937
2415;Pannonhalma;9090
2416;Pányok;3898
2417;Panyola;4913
2418;Pap;4631
2419;Pápa;8511
2420;Pápa;8591
2421;Pápa;8598
2422;Pápa;8500
2423;Pápadereske;8593
2424;Pápakovácsi;8596
2425;Pápasalamon;8594
2426;Pápateszér;8556
2427;Papkeszi;8183
2428;Pápoc;9515
2429;Papos;4338
2430;Páprád;7838
2431;Parád;3244
2432;Parád;3240
2433;Parádsasvár;3242
2434;Parasznya;3777
2435;Paszab;4475
2436;Pásztó;3065
2437;Pásztó;3082
2438;Pásztó;3060
2439;Pásztori;9311
2440;Pat;8825
2441;Patak;2648
2442;Patalom;7463
2443;Patapoklosi;7923
2444;Patca;7477
2445;Pátka;8092
2446;Patosfa;7536
2447;Pátroha;4523
2448;Patvarc;2668
2449;Páty;2071
2450;Pátyod;4766
2451;Pázmánd;2476
2452;Pázmándfalu;9085
2453;Pécel;2119
2454;Pecöl;9754
2455;Pécs;7693
2456;Pécs;7691
2457;Pécs;7600
2458;Pécs;7621
2459;Pécs;7622
2460;Pécs;7623
2461;Pécs;7624
2462;Pécs;7625
2463;Pécs;7626
2464;Pécs;7627
2465;Pécs;7628
2466;Pécs;7629
2467;Pécs;7630
2468;Pécs;7631
2469;Pécs;7632
2470;Pécs;7633
2471;Pécs;7634
2472;Pécs;7635
2473;Pécs;7636
2474;Pécsbagota;7951
2475;Pécsdevecser;7766
2476;Pécsely;8245
2477;Pécsudvard;7762
2478;Pécsvárad;7720
2479;Pellérd;7831
2480;Pély;3381
2481;Penc;2614
2482;Penészlek;4267
2483;Penyige;4941
2484;Pénzesgyõr;8426
2485;Pér;9099
2486;Perbál;2074
2487;Pere;3853
2488;Perecse;3821
2489;Pereked;7664
2490;Perenye;9722
2491;Peresznye;9734
2492;Pereszteg;9484
2493;Perkáta;2431
2494;Perkupa;3756
2495;Perõcsény;2637
2496;Peterd;7766
2497;Péterhida;7582
2498;Péteri;2209
2499;Pétervására;3250
2500;Pétfürdõ;8105
2501;Pethõhenye;8921
2502;Petneháza;4542
2503;Petõfibánya;3023
2504;Petõfiszállás;6113
2505;Petõháza;9443
2506;Petõmihályfa;9826
2507;Petrikeresztúr;8984
2508;Petrivente;8866
2509;Pettend;7980
2510;Piliny;3134
2511;Pilis;2721
2512;Pilisborosjenõ;2097
2513;Piliscsaba;2087
2514;Piliscsaba;2081
2515;Piliscsév;2519
2516;Pilisjászfalu;2080
2517;Pilismarót;2028
2518;Pilisszántó;2095
2519;Pilisszentiván;2084
2520;Pilisszentkereszt;2099
2521;Pilisszentkereszt;2098
2522;Pilisszentlászló;2009
2523;Pilisvörösvár;2085
2524;Pincehely;7084
2525;Pinkamindszent;9922
2526;Pinnye;9481
2527;Piricse;4375
2528;Pirtó;6414
2529;Piskó;7838
2530;Pitvaros;6914
2531;Pócsa;7756
2532;Pocsaj;4125
2533;Pócsmegyer;2017
2534;Pócspetri;4327
2535;Pogány;7666
2536;Pogányszentpéter;8728
2537;Pókaszepetk;8932
2538;Polány;7458
2539;Polgár;4090
2540;Polgárdi;8153
2541;Polgárdi;8155
2542;Polgárdi;8154
2543;Pölöske;8929
2544;Pölöskefõ;8773
2545;Pomáz;2013
2546;Pörböly;7142
2547;Porcsalma;4761
2548;Pördefölde;8956
2549;Pornóapáti;9796
2550;Poroszló;3388
2551;Porpác;9612
2552;Porrog;8858
2553;Porrogszentkirály;8858
2554;Porrogszentpál;8858
2555;Pórszombat;8986
2556;Porva;8429
2557;Pósfa;9636
2558;Potony;7977
2559;Pötréte;8767
2560;Potyond;9324
2561;Prügy;3925
2562;Pula;8291
2563;Püski;9235
2564;Püspökhatvan;2682
2565;Püspökladány;4150
2566;Püspökmolnári;9776
2567;Püspökszilágy;2166
2568;Pusztaapáti;8986
2569;Pusztaberki;2658
2570;Pusztacsalád;9373
2571;Pusztacsó;9739
2572;Pusztadobos;4565
2573;Pusztaederics;8946
2574;Pusztafalu;3995
2575;Pusztaföldvár;5919
2576;Pusztahencse;7038
2577;Pusztakovácsi;8707
2578;Pusztamagyaród;8895
2579;Pusztamérges;6785
2580;Pusztamiske;8455
2581;Pusztamonostor;5125
2582;Pusztaottlaka;5665
2583;Pusztaradvány;3874
2584;Pusztaszabolcs;2490
2585;Pusztaszemes;8619
2586;Pusztaszentlászló;8896
2587;Pusztaszer;6769
2588;Pusztavacs;2378
2589;Pusztavám;8066
2590;Pusztazámor;2039
2591;Putnok;3630
2592;Rábacsanak;9313
2593;Rábacsécsény;9136
2594;Rábagyarmat;9961
2595;Rábahidvég;9777
2596;Rábakecöl;9344
2597;Rábapatona;9142
2598;Rábapaty;9641
2599;Rábapordány;9146
2600;Rábasebes;9327
2601;Rábaszentandrás;9316
2602;Rábaszentmihály;9135
2603;Rábaszentmiklós;9133
2604;Rábatamási;9322
2605;Rábatöttös;9766
2606;Rábcakapi;9165
2607;Rácalmás;2459
2608;Ráckeresztúr;2465
2609;Ráckeve;2300
2610;Rád;2613
2611;Rádfalva;7817
2612;Rádóckölked;9784
2613;Radostyán;3776
2614;Ragály;3724
2615;Rajka;9224
2616;Rakaca;3825
2617;Rakacaszend;3826
2618;Rakamaz;4465
2619;Rákóczifalva;5085
2620;Rákócziújfalu;5084
2621;Ráksi;7464
2622;Ramocsa;8973
2623;Ramocsaháza;4536
2624;Rápolt;4756
2625;Raposka;8300
2626;Rásonysápberencs;3833
2627;Rátka;3908
2628;Rátót;9951
2629;Ravazd;9091
2630;Recsk;3245
2631;Réde;2886
2632;Rédics;8978
2633;Regéc;3893
2634;Regenye;7833
2635;Regöly;7193
2636;Rém;6446
2637;Remeteszõlõs;2094
2638;Répáshuta;3559
2639;Répcelak;9653
2640;Répceszemere;9375
2641;Répceszentgyörgy;9623
2642;Répcevis;9475
2643;Resznek;8977
2644;Rétalap;9074
2645;Rétközberencs;4525
2646;Rétság;2651
2647;Révfülöp;8253
2648;Révleányvár;3976
2649;Rezi;8373
2650;Ricse;3974
2651;Rigács;8348
2652;Rigyác;8883
2653;Rimóc;3177
2654;Rinyabesenyõ;7552
2655;Rinyakovácsi;7527
2656;Rinyaszentkirály;7513
2657;Rinyaújlak;7556
2658;Rinyaújnép;7584
2659;Rohod;4563
2660;Röjtökmuzsaj;9451
2661;Románd;8434
2662;Romhány;2654
2663;Romonya;7743
2664;Rönök;9954
2665;Röszke;6758
2666;Rózsafa;7914
2667;Rozsály;4971
2668;Rózsaszentmárton;3033
2669;Rudabánya;3733
2670;Rudolftelep;3742
2671;Rum;9766
2672;Ruzsa;6786
2673;Ságújfalu;3162
2674;Ságvár;8654
2675;Sajóbábony;3792
2676;Sajóecseg;3793
2677;Sajógalgóc;3636
2678;Sajóhidvég;3576
2679;Sajóivánka;3720
2680;Sajókápolna;3773
2681;Sajókaza;3720
2682;Sajókeresztúr;3791
2683;Sajólád;3572
2684;Sajólászlófalva;3773
2685;Sajómercse;3656
2686;Sajónémeti;3652
2687;Sajóörös;3586
2688;Sajópálfala;3714
2689;Sajópetri;3573
2690;Sajópüspöki;3653
2691;Sajósenye;3712
2692;Sajószentpéter;3770
2693;Sajószöged;3599
2694;Sajóvámos;3712
2695;Sajóvelezd;3656
2696;Sajtoskál;9632
2697;Salföld;8256
2698;Salgótarján;3102
2699;Salgótarján;3109
2700;Salgótarján;3121
2701;Salgótarján;3104
2702;Salgótarján;3141
2703;Salgótarján;3100
2704;Salköveskút;9742
2705;Salomvár;8995
2706;Sály;3425
2707;Sámod;7841
2708;Sámsonháza;3074
2709;Sand;8824
2710;Sándorfalva;6762
2711;Sántos;7479
2712;Sáp;4176
2713;Sáránd;4272
2714;Sárazsadány;3942
2715;Sárbogárd;7018
2716;Sárbogárd;7019
2717;Sárbogárd;7003
2718;Sárbogárd;7000
2719;Sáregres;7014
2720;Sárfimizdó;9813
2721;Sárhida;8944
2722;Sárisáp;2523
2723;Sarkad;5720
2724;Sarkadkeresztúr;5731
2725;Sárkeresztes;8051
2726;Sárkeresztúr;8125
2727;Sárkeszi;8144
2728;Sármellék;8391
2729;Sárok;7781
2730;Sárosd;2433
2731;Sárospatak;3952
2732;Sárospatak;3950
2733;Sárpilis;7145
2734;Sárrétudvari;4171
2735;Sarród;9434
2736;Sarród;9435
2737;Sárszentágota;8126
2738;Sárszentlõrinc;7047
2739;Sárszentmihály;8141
2740;Sárszentmihály;8143
2741;Sarud;3386
2742;Sárvár;9609
2743;Sárvár;9608
2744;Sárvár;9600
2745;Sásd;7370
2746;Sáska;8308
2747;Sáta;3659
2748;Sátoraljaújhely;3944
2749;Sátoraljaújhely;3945
2750;Sátoraljaújhely;3988
2751;Sátoraljaújhely;3980
2752;Sátorhely;7785
2753;Sávoly;8732
2754;Sé;9789
2755;Segesd;7562
2756;Sellye;7960
2757;Selyeb;3809
2758;Semjén;3974
2759;Semjénháza;8862
2760;Sénye;8788
2761;Sényõ;4533
2762;Seregélyes;8111
2763;Serényfalva;3729
2764;Sérsekszõlõs;8660
2765;Sikátor;8439
2766;Siklós;7818
2767;Siklós;7800
2768;Siklósbodony;7814
2769;Siklósnagyfalu;7823
2770;Sima;3881
2771;Simaság;9633
2772;Simonfa;7474
2773;Simontornya;7081
2774;Sióagárd;7171
2775;Siófok;8611
2776;Siófok;8609
2777;Siófok;8600
2778;Siójut;8652
2779;Sirok;3332
2780;Sitke;9671
2781;Sobor;9315
2782;Söjtör;8897
2783;Sokorópátka;9112
2784;Solt;6320
2785;Soltszentimre;6223
2786;Soltvadkert;6230
2787;Sóly;8193
2788;Solymár;2083
2789;Som;8655
2790;Somberek;7728
2791;Somlójenõ;8478
2792;Somlószõlõs;8483
2793;Somlóvásárhely;8481
2794;Somlóvecse;8484
2795;Somodor;7454
2796;Somogyacsa;7283
2797;Somogyapáti;7922
2798;Somogyaracs;7584
2799;Somogyaszaló;7452
2800;Somogybabod;8684
2801;Somogybükkösd;8858
2802;Somogycsicsó;8726
2803;Somogydöröcske;7284
2804;Somogyegres;8666
2805;Somogyfajsz;8708
2806;Somogygeszti;7455
2807;Somogyhárságy;7925
2808;Somogyhatvan;7921
2809;Somogyjád;7443
2810;Somogymeggyes;8673
2811;Somogysámson;8733
2812;Somogysárd;7435
2813;Somogysimonyi;8737
2814;Somogyszentpál;8705
2815;Somogyszil;7276
2816;Somogyszob;7563
2817;Somogytúr;8683
2818;Somogyudvarhely;7515
2819;Somogyvámos;8699
2820;Somogyvár;8698
2821;Somogyviszló;7924
2822;Somogyzsitfa;8734
2823;Sonkád;4954
2824;Soponya;8123
2825;Sopron;9494
2826;Sopron;9408
2827;Sopron;9407
2828;Sopron;9400
2829;Sopronhorpács;9463
2830;Sopronkövesd;9483
2831;Sopronnémeti;9325
2832;Söpte;9743
2833;Söréd;8072
2834;Sorkifalud;9774
2835;Sorkikápolna;9774
2836;Sormás;8881
2837;Sorokpolány;9773
2838;Sóshartyán;3131
2839;Sóskút;2038
2840;Sóstófalva;3716
2841;Sósvertike;7960
2842;Sótony;9681
2843;Sukoró;8096
2844;Sükösd;6346
2845;Sülysáp;2242
2846;Sülysáp;2241
2847;Sümeg;8330
2848;Sümegcsehi;8357
2849;Sümegprága;8351
2850;Sumony;7960
2851;Súr;2889
2852;Surd;8856
2853;Süttõ;2543
2854;Szabadbattyán;8151
2855;Szabadegyháza;2432
2856;Szabadhidvég;8139
2857;Szabadhidvég;8138
2858;Szabadi;7253
2859;Szabadkígyós;5712
2860;Szabadszállás;6080
2861;Szabadszentkirály;7951
2862;Szabás;7544
2863;Szabolcs;4467
2864;Szabolcsbáka;4547
2865;Szabolcsveresmart;4496
2866;Szada;2111
2867;Szágy;7383
2868;Szajk;7753
2869;Szajla;3334
2870;Szajol;5081
2871;Szakácsi;3786
2872;Szakadát;7071
2873;Szakáld;3596
2874;Szakály;7192
2875;Szakcs;7213
2876;Szakmár;6336
2877;Szaknyér;9934
2878;Szakoly;4234
2879;Szakony;9474
2880;Szakonyfalu;9983
2881;Szákszend;2856
2882;Szalafõ;9942
2883;Szalánta;7811
2884;Szalapa;8341
2885;Szalaszend;3863
2886;Szalatnak;7334
2887;Szálka;7121
2888;Szalkszentmárton;6086
2889;Szalmatercs;3163
2890;Szalonna;3754
2891;Szamosangyalos;4767
2892;Szamosbecs;4745
2893;Szamoskér;4721
2894;Szamossályi;4735
2895;Szamosszeg;4824
2896;Szamostatárfalva;4746
2897;Szamosújlak;4734
2898;Szanda;2697
2899;Szank;6131
2900;Szántód;8622
2901;Szany;9317
2902;Szápár;8423
2903;Szaporca;7843
2904;Szár;2066
2905;Szárász;7184
2906;Szárazd;7063
2907;Szárföld;9353
2908;Szárliget;2067
2909;Szarvas;5540
2910;Szarvasgede;3051
2911;Szarvaskend;9913
2912;Szászberek;5053
2913;Szászfa;3821
2914;Szászvár;7349
2915;Szatmárcseke;4945
2916;Szátok;2656
2917;Szatta;9938
2918;Szatymaz;6763
2919;Szava;7813
2920;Százhalombatta;2440
2921;Szebény;7725
2922;Szécsénke;2692
2923;Szécsény;3170
2924;Szécsényfelfalu;3135
2925;Szécsisziget;8879
2926;Szederkény;7751
2927;Szedres;7056
2928;Szeged;6757
2929;Szeged;6791
2930;Szeged;6710
2931;Szeged;6771
2932;Szeged;6753
2933;Szeged;6700
2934;Szeged;6720
2935;Szeged;6721
2936;Szeged;6722
2937;Szeged;6723
2938;Szeged;6724
2939;Szeged;6725
2940;Szeged;6726
2941;Szeged;6727
2942;Szeged;6728
2943;Szeged;6729
2944;Szegerdõ;8732
2945;Szeghalom;5520
2946;Szegi;3918
2947;Szegilong;3918
2948;Szegvár;6635
2949;Székely;4534
2950;Székelyszabar;7737
2951;Székesfehérvár;8019
2952;Székesfehérvár;8000
2953;Székkutas;6821
2954;Szekszárd;7100
2955;Szeleste;9622
2956;Szelevény;5476
2957;Szellõ;7661
2958;Szemely;7763
2959;Szemenye;9685
2960;Szemere;3866
2961;Szendehely;2640
2962;Szendrõ;3752
2963;Szendrõlád;3751
2964;Szenna;7477
2965;Szenta;8849
2966;Szentantalfa;8272
2967;Szentbalázs;7472
2968;Szentbékkálla;8281
2969;Szentborbás;7918
2970;Szentdénes;7913
2971;Szentdomonkos;3259
2972;Szente;2655
2973;Szentegát;7915
2974;Szentendre;2000
2975;Szentes;6600
2976;Szentgál;8444
2977;Szentgáloskér;7465
2978;Szentgotthárd;9981
2979;Szentgotthárd;9955
2980;Szentgotthárd;9970
2981;Szentgyörgyvár;8393
2982;Szentgyörgyvölgy;8975
2983;Szentimrefalva;8475
2984;Szentistván;3418
2985;Szentistvánbaksa;3844
2986;Szentjakabfa;8272
2987;Szentkatalin;7681
2988;Szentkirály;6031
2989;Szentkirályszabadja;8225
2990;Szentkozmadombja;8947
2991;Szentlászló;7936
2992;Szentliszló;8893
2993;Szentlõrinc;7940
2994;Szentlõrinckáta;2255
2995;Szentmargitfalva;8872
2996;Szentmártonkáta;2254
2997;Szentpéterfa;9799
2998;Szentpéterfölde;8953
2999;Szentpéterszeg;4121
3000;Szentpéterúr;8762
3001;Szenyér;8717
3002;Szepetnek;8861
3003;Szerecseny;9125
3004;Szeremle;6512
3005;Szerencs;3900
3006;Szerep;4162
3007;Szerep;4163
3008;Szergény;9523
3009;Szigetbecse;2321
3010;Szigetcsép;2317
3011;Szigethalom;2315
3012;Szigetmonostor;2015
3013;Szigetszentmárton;2318
3014;Szigetszentmiklós;2310
3015;Szigetújfalu;2319
3016;Szigetvár;7900
3017;Szigliget;8264
3018;Szihalom;3377
3019;Szijártóháza;8969
3020;Szikszó;3800
3021;Szil;9326
3022;Szilágy;7664
3023;Szilaspogony;3125
3024;Szilsárkány;9312
3025;Szilvágy;8986
3026;Szilvás;7811
3027;Szilvásszentmárton;7477
3028;Szilvásvárad;3348
3029;Szin;3761
3030;Szinpetri;3761
3031;Szirák;3044
3032;Szirmabesenyõ;3711
3033;Szob;2628
3034;Szõc;8452
3035;Szõce;9935
3036;Szõd;2134
3037;Szõdliget;2133
3038;Szögliget;3762
3039;Szõke;7833
3040;Szõkéd;7763
3041;Szõkedencs;8736
3042;Szokolya;2624
3043;Szólád;8625
3044;Szolnok;5008
3045;Szolnok;5000
3046;Szõlõsardó;3757
3047;Szõlõsgyörök;8692
3048;Szombathely;9707
3049;Szombathely;9719
3050;Szombathely;9700
3051;Szomód;2896
3052;Szomolya;3411
3053;Szomor;2822
3054;Szörény;7976
3055;Szorosad;7285
3056;Szúcs;3341
3057;Szûcsi;3034
3058;Szügy;2699
3059;Szuha;3154
3060;Szuhafõ;3726
3061;Szuhakálló;3731
3062;Szuhogy;3734
3063;Szulimán;7932
3064;Szulok;7539
3065;Szûr;7735
3066;Szurdokpüspöki;3064
3067;Tab;8660
3068;Tabajd;8088
3069;Tabdi;6224
3070;Táborfalva;2381
3071;Tác;8121
3072;Tagyon;8272
3073;Tahitótfalu;2022
3074;Tahitótfalu;2021
3075;Takácsi;8541
3076;Tákos;4845
3077;Taksony;2335
3078;Taktabáj;3926
3079;Taktaharkány;3922
3080;Taktakenéz;3924
3081;Taktaszada;3921
3082;Taliándörögd;8295
3083;Tállya;3907
3084;Tamási;7091
3085;Tamási;7090
3086;Tanakajd;9762
3087;Táp;9095
3088;Tápióbicske;2764
3089;Tápiógyörgye;2767
3090;Tápióság;2253
3091;Tápiószecsõ;2251
3092;Tápiószele;2766
3093;Tápiószentmárton;2711
3094;Tápiószõlõs;2769
3095;Táplánszentkereszt;9761
3096;Tapolca;8297
3097;Tapolca;8300
3098;Tapsony;8718
3099;Tápszentmiklós;9094
3100;Tar;3073
3101;Tarany;7514
3102;Tarcal;3915
3103;Tard;3416
3104;Tardona;3644
3105;Tardos;2834
3106;Tarhos;5641
3107;Tarján;2831
3108;Tarjánpuszta;9092
3109;Tárkány;2945
3110;Tarnabod;3369
3111;Tarnalelesz;3258
3112;Tarnaméra;3284
3113;Tarnaörs;3294
3114;Tarnaszentmária;3331
3115;Tarnaszentmiklós;3382
3116;Tarnazsadány;3283
3117;Tárnok;2461
3118;Tárnokréti;9165
3119;Tarpa;4931
3120;Tarrós;7362
3121;Táska;8696
3122;Tass;6098
3123;Taszár;7261
3124;Tát;2534
3125;Tata;2835
3126;Tata;2890
3127;Tatabánya;2800
3128;Tataháza;6451
3129;Tatárszentgyörgy;2375
3130;Tázlár;6236
3131;Téglás;4243
3132;Tékes;7381
3133;Teklafalu;7973
3134;Telekes;9812
3135;Telekgerendás;5675
3136;Teleki;8626
3137;Telki;2089
3138;Telkibánya;3896
3139;Tengelic;7054
3140;Tengeri;7834
3141;Tengõd;8668
3142;Tenk;3359
3143;Tényõ;9111
3144;Tépe;4132
3145;Terem;4342
3146;Terény;2696
3147;Tereske;2652
3148;Teresztenye;3757
3149;Terpes;3334
3150;Tés;8109
3151;Tésa;2635
3152;Tésenfa;7843
3153;Téseny;7834
3154;Teskánd;8991
3155;Tét;9100
3156;Tetétlen;4184
3157;Tevel;7181
3158;Tibolddaróc;3423
3159;Tiborszállás;4353
3160;Tihany;8237
3161;Tikos;8731
3162;Tilaj;8782
3163;Timár;4466
3164;Tinnye;2086
3165;Tiszaadony;4833
3166;Tiszaalpár;6066
3167;Tiszaalpár;6067
3168;Tiszabábolna;3465
3169;Tiszabecs;4951
3170;Tiszabercel;4474
3171;Tiszabezdéd;4624
3172;Tiszabõ;5232
3173;Tiszabura;5235
3174;Tiszacsécse;4947
3175;Tiszacsege;4066
3176;Tiszacsermely;3972
3177;Tiszadada;4455
3178;Tiszaderzs;5243
3179;Tiszadob;4456
3180;Tiszadorogma;3466
3181;Tiszaeszlár;4446
3182;Tiszaeszlár;4464
3183;Tiszaföldvár;5461
3184;Tiszaföldvár;5430
3185;Tiszafüred;5359
3186;Tiszafüred;5358
3187;Tiszafüred;5244
3188;Tiszafüred;5350
3189;Tiszagyenda;5233
3190;Tiszagyulaháza;4097
3191;Tiszaigar;5361
3192;Tiszainoka;5464
3193;Tiszajenõ;5094
3194;Tiszakanyár;4493
3195;Tiszakarád;3971
3196;Tiszakécske;6062
3197;Tiszakécske;6060
3198;Tiszakerecseny;4834
3199;Tiszakeszi;3458
3200;Tiszakóród;4946
3201;Tiszakürt;5472
3202;Tiszakürt;5471
3203;Tiszaladány;3929
3204;Tiszalök;4447
3205;Tiszalök;4450
3206;Tiszalúc;3565
3207;Tiszamogyorós;4645
3208;Tiszanagyfalu;4463
3209;Tiszanána;3385
3210;Tiszaörs;5362
3211;Tiszapalkonya;3587
3212;Tiszapüspöki;5211
3213;Tiszarád;4503
3214;Tiszaroff;5234
3215;Tiszasas;5474
3216;Tiszasüly;5061
3217;Tiszaszalka;4831
3218;Tiszaszentimre;5323
3219;Tiszaszentimre;5322
3220;Tiszaszentmárton;4628
3221;Tiszasziget;6756
3222;Tiszatardos;3928
3223;Tiszatarján;3589
3224;Tiszatelek;4486
3225;Tiszatelek;4487
3226;Tiszatenyõ;5082
3227;Tiszaug;6064
3228;Tiszaújváros;3580
3229;Tiszavalk;3464
3230;Tiszavárkony;5095
3231;Tiszavárkony;5092
3232;Tiszavasvári;4440
3233;Tiszavid;4832
3234;Tisztaberek;4969
3235;Tivadar;4921
3236;Tóalmás;2252
3237;Tófalu;3354
3238;Tófej;8946
3239;Tófû;7348
3240;Tök;2073
3241;Tokaj;3910
3242;Tokod;2531
3243;Tokodaltáró;2532
3244;Tököl;2316
3245;Tokorcs;9561
3246;Tolcsva;3934
3247;Told;4117
3248;Tolmács;2657
3249;Tolna;7131
3250;Tolna;7130
3251;Tolnanémedi;7083
3252;Töltéstava;9086
3253;Tomajmonostora;5324
3254;Tomor;3787
3255;Tömörd;9738
3256;Tömörkény;6646
3257;Tompa;6422
3258;Tompaládony;9662
3259;Tordas;2463
3260;Tormafölde;8876
3261;Tormás;7383
3262;Tormásliget;9736
3263;Tornabarakony;3765
3264;Tornakápolna;3761
3265;Tornanádaska;3767
3266;Tornaszentandrás;3765
3267;Tornaszentjakab;3769
3268;Tornyiszentmiklós;8877
3269;Tornyosnémeti;3877
3270;Tornyospálca;4642
3271;Törökbálint;2045
3272;Törökkoppány;7285
3273;Törökszentmiklós;5212
3274;Törökszentmiklós;5200
3275;Torony;9791
3276;Törtel;2747
3277;Torvaj;8660
3278;Tószeg;5091
3279;Tótkomlós;5940
3280;Tótszentgyörgy;7981
3281;Tótszentmárton;8865
3282;Tótszerdahely;8864
3283;Töttös;7755
3284;Tótújfalu;7918
3285;Tótvázsony;8246
3286;Trizs;3724
3287;Tunyogmatolcs;4731
3288;Tura;2194
3289;Túristvándi;4944
3290;Türje;8796
3291;Túrkeve;5420
3292;Túrony;7811
3293;Túrricse;4968
3294;Tüskevár;8477
3295;Tuzsér;4623
3296;Tyukod;4762
3297;Udvar;7718
3298;Udvari;7066
3299;Ugod;8564
3300;Újbarok;2066
3301;Újcsanálos;3716
3302;Újdombrád;4491
3303;Újfehértó;4244
3304;Újhartyán;2367
3305;Újiráz;4146
3306;Újireg;7095
3307;Újkenéz;4635
3308;Újkér;9472
3309;Újkígyós;5661
3310;Újlengyel;2724
3311;Újléta;4288
3312;Újlõrincfalva;3387
3313;Újpetre;7766
3314;Újrónafõ;9244
3315;Újsolt;6320
3316;Újszalonta;5727
3317;Újszász;5052
3318;Újszentiván;6754
3319;Újszentmargita;4065
3320;Újszilvás;2768
3321;Újtelek;6337
3322;Újtikos;4096
3323;Újudvar;8778
3324;Újvárfalva;7436
3325;Ukk;8347
3326;Üllés;6794
3327;Üllõ;2225
3328;Und;9464
3329;Úny;2528
3330;Uppony;3622
3331;Ura;4763
3332;Uraiújfalu;9651
3333;Úrhida;8142
3334;Úri;2244
3335;Úrkút;8409
3336;Üröm;2096
3337;Uszka;4952
3338;Uszód;6332
3339;Uzsa;8321
3340;Vác;2600
3341;Vácduka;2167
3342;Vácegres;2184
3343;Váchartyán;2164
3344;Váckisújfalu;2185
3345;Vácrátót;2163
3346;Vácszentlászló;2115
3347;Vadna;3636
3348;Vadosfa;9346
3349;Vág;9327
3350;Vágáshuta;3992
3351;Vaja;4562
3352;Vajdácska;3961
3353;Vajszló;7838
3354;Vajta;7041
3355;Vál;2473
3356;Valkó;2114
3357;Valkonya;8885
3358;Vállaj;4351
3359;Vállus;8316
3360;Vámosatya;4936
3361;Vámoscsalád;9665
3362;Vámosgyörk;3291
3363;Vámosmikola;2635
3364;Vámosoroszi;4966
3365;Vámospércs;4287
3366;Vámosszabadi;9061
3367;Vámosújfalu;3941
3368;Váncsod;4119
3369;Vanyarc;2688
3370;Vanyola;8552
3371;Várad;7973
3372;Váralja;7354
3373;Varászló;8723
3374;Váraszó;3254
3375;Várbalog;9243
3376;Varbó;3778
3377;Varbóc;3756
3378;Várda;7442
3379;Várdomb;7146
3380;Várfölde;8891
3381;Varga;7370
3382;Várgesztes;2824
3383;Várkeszõ;8523
3384;Várong;7214
3385;Városföld;6033
3386;Városlõd;8445
3387;Várpalota;8103
3388;Várpalota;8104
3389;Várpalota;8100
3390;Varsád;7067
3391;Varsány;3178
3392;Várvölgy;8316
3393;Vasad;2211
3394;Vasalja;9921
3395;Vásárosbéc;7926
3396;Vásárosdombó;7362
3397;Vásárosfalu;9343
3398;Vásárosmiske;9552
3399;Vásárosnamény;4803
3400;Vásárosnamény;4804
3401;Vásárosnamény;4800
3402;Vasasszonyfa;9744
3403;Vasboldogasszony;8914
3404;Vasegerszeg;9661
3405;Vashosszúfalu;9674
3406;Vaskeresztes;9795
3407;Vaskút;6521
3408;Vasmegyer;4502
3409;Vaspör;8998
3410;Vassurány;9741
3411;Vászoly;8245
3412;Vasszécseny;9763
3413;Vasszentmihály;9953
3414;Vasszilvágy;9747
3415;Vasvár;9800
3416;Vaszar;8542
3417;Vát;9748
3418;Vatta;3431
3419;Vázsnok;7370
3420;Vécs;3265
3421;Vecsés;2220
3422;Végegyháza;5811
3423;Vejti;7838
3424;Vékény;7333
3425;Vekerd;4143
3426;Velem;9726
3427;Velemér;9946
3428;Velence;2481
3429;Velény;7951
3430;Véménd;7726
3431;Vének;9062
3432;Vép;9751
3433;Vereb;2477
3434;Veresegyház;2112
3435;Verõce;2621
3436;Verpelét;3351
3437;Verseg;2174
3438;Versend;7752
3439;Vértesacsa;8089
3440;Vértesboglár;8085
3441;Vérteskethely;2859
3442;Vértessomló;2823
3443;Vértestolna;2833
3444;Vértesszõlõs;2837
3445;Vése;8721
3446;Veszkény;9352
3447;Veszprém;8412
3448;Veszprém;8411
3449;Veszprém;8200
3450;Veszprémfajsz;8248
3451;Veszprémgalsa;8475
3452;Veszprémvarsány;8438
3453;Vésztõ;5530
3454;Vezseny;5093
3455;Vid;8484
3456;Vigántpetend;8294
3457;Villány;7773
3458;Villánykövesd;7772
3459;Vilmány;3891
3460;Vilonya;8194
3461;Vilyvitány;3991
3462;Vinár;9535
3463;Vindornyafok;8354
3464;Vindornyalak;8353
3465;Vindornyaszõlõs;8355
3466;Visegrád;2026
3467;Visegrád;2025
3468;Visnye;7533
3469;Visonta;3272
3470;Visonta;3271
3471;Viss;3956
3472;Visz;8681
3473;Viszák;9932
3474;Viszló;3825
3475;Visznek;3293
3476;Vitnyéd;9371
3477;Vízvár;7588
3478;Vizslás;3128
3479;Vizsoly;3888
3480;Vokány;7768
3481;Vonyarcvashegy;8314
3482;Vöckönd;8931
3483;Völcsej;9462
3484;Vönöck;9516
3485;Vöröstó;8291
3486;Vörs;8711
3487;Zabar;3124
3488;Zádor;7976
3489;Zádorfalva;3726
3490;Zagyvarékas;5051
3491;Zagyvaszántó;3031
3492;Záhony;4625
3493;Zajk;8868
3494;Zajta;4974
3495;Zákány;8853
3496;Zákányszék;6787
3497;Zala;8660
3498;Zalaapáti;8741
3499;Zalabaksa;8971
3500;Zalabér;8798
3501;Zalaboldogfa;8992
3502;Zalacsány;8782
3503;Zalacséb;8996
3504;Zalaegerszeg;8900
3505;Zalaerdõd;8344
3506;Zalagyömörõ;8349
3507;Zalahaláp;8308
3508;Zalaháshágy;8997
3509;Zalaigrice;8761
3510;Zalaistvánd;8932
3511;Zalakaros;8749
3512;Zalakomár;8751
3513;Zalakomár;8752
3514;Zalaköveskút;8354
3515;Zalalövõ;8999
3516;Zalameggyes;8348
3517;Zalamerenye;8747
3518;Zalasárszeg;8756
3519;Zalaszabar;8743
3520;Zalaszántó;8353
3521;Zalaszegvár;8476
3522;Zalaszentbalázs;8772
3523;Zalaszentgrót;8795
3524;Zalaszentgrót;8793
3525;Zalaszentgrót;8785
3526;Zalaszentgrót;8789
3527;Zalaszentgrót;8790
3528;Zalaszentgyörgy;8994
3529;Zalaszentiván;8921
3530;Zalaszentjakab;8827
3531;Zalaszentlászló;8788
3532;Zalaszentlõrinc;8921
3533;Zalaszentmárton;8764
3534;Zalaszentmihály;8936
3535;Zalaszombatfa;8969
3536;Zaláta;7839
3537;Zalatárnok;8947
3538;Zalaújlak;8822
3539;Zalavár;8392
3540;Zalavég;8792
3541;Zalkod;3957
3542;Zamárdi;8621
3543;Zámoly;8081
3544;Zánka;8251
3545;Zaránk;3296
3546;Závod;7182
3547;Zebecke;8957
3548;Zebegény;2627
3549;Zemplénagárd;3977
3550;Zengõvárkony;7720
3551;Zichyújfalu;8112
3552;Zics;8672
3553;Ziliz;3794
3554;Zimány;7471
3555;Zirc;8420
3556;Zók;7671
3557;Zomba;7173
3558;Zsadány;5537
3559;Zsáka;4142
3560;Zsámbék;2072
3561;Zsámbok;2116
3562;Zsana;6411
3563;Zsarolyán;4961
3564;Zsebeháza;9346
3565;Zsédeny;9635
3566;Zselickisfalud;7477
3567;Zselickislak;7400
3568;Zselicszentpál;7474
3569;Zsennye;9766
3570;Zsira;9476
3571;Zsombó;6792
3572;Zsujta;3897
3573;Zsurk;4627
3574;Zubogy;3723
